name,local_name,author,category,tags,version,release_date,size_bytes,latest,integrity,duplicate,non_store,path,store
"100+ Stylized Historical Textures - Medieval, Egyptian, Roman & More",100 Stylized Historical Textures - Medieval Egyptian Roman More,Game Buffs,2D/Textures & Materials,medieval;stylized,1.1.0,,814108153,True,,,False,2D/100 Stylized Historical Textures - Medieval Egyptian Roman More v1.1.0.unitypackage,https://assetstore.unity.com/packages/2d/textures-materials/100-stylized-historical-textures-medieval-egyptian-roman-more-241347
"100+ Stylized Resource Textures - Leather, Fur, Bones, Coins & More",100 Stylized Resource Textures - Leather Fur Bones Coins More,Game Buffs,2D/Textures & Materials,stylized,1.1.0,,1009790849,True,,,False,3D/100 Stylized Resource Textures - Leather Fur Bones Coins More v1.1.0.unitypackage,https://assetstore.unity.com/packages/2d/textures-materials/100-stylized-resource-textures-leather-fur-bones-coins-more-241327
100+ Stylized Weapons Bundle 2 - Fantasy RPG,100 Stylized Weapons Bundle 2 - Fantasy RPG,Blink,3D/Props/Weapons,medieval;prop;stylized,1.0,2022-01-14,1897524682,True,,,False,3D/100 Stylized Weapons Bundle 2 - Fantasy RPG v1.0 (14 Jan 2022).unitypackage,https://assetstore.unity.com/packages/3d/props/weapons/100-stylized-weapons-bundle-2-fantasy-rpg-211232
100+ Stylized Weapons Bundle - Fantasy RPG,100 Stylized Weapons Bundle - Fantasy RPG,Blink,3D/Props/Weapons,medieval;prop;stylized,1.0,,2682835165,True,,,False,3D/100 Stylized Weapons Bundle - Fantasy RPG v1.0.unitypackage,https://assetstore.unity.com/packages/3d/props/weapons/100-stylized-weapons-bundle-fantasy-rpg-204803
2000 Game Sound FX,2000 Game Sound FX,GameBurp,Audio/Sound FX,sfx,1.0.0,,371923944,True,,,False,Audio/2000 Game Sound FX v1.0.0.unitypackage,https://assetstore.unity.com/packages/audio/sound-fx/2000-game-sound-fx-207739
"240+ Stylized Arctic Textures - Snow, Ice & More",240 Stylized Arctic Textures - Snow Ice More,Game Buffs,2D/Textures & Materials/Nature,stylized,1.1.0,,1952721105,True,,,False,3D/240 Stylized Arctic Textures - Snow Ice More v1.1.0.unitypackage,https://assetstore.unity.com/packages/2d/textures-materials/nature/240-stylized-arctic-textures-snow-ice-more-241325
250 Hand Painted Textures Mega Bundle,250 Hand Painted Textures Mega Bundle,,2D,,2.5,,4880728240,True,,,False,2D/250 Hand Painted Textures Mega Bundle v2.5.unitypackage,
"250+ Stylized Mountain & Cave Textures - Cliff, Rock, Crystal, Gravel & More",250 Stylized Mountain Cave Textures - Cliff Rock Crystal Gravel More,Game Buffs,2D/Textures & Materials/Nature,stylized,1.1.0,,1865616176,True,,,False,3D/250 Stylized Mountain Cave Textures - Cliff Rock Crystal Gravel More v1.1.0.unitypackage,https://assetstore.unity.com/packages/2d/textures-materials/nature/250-stylized-mountain-cave-textures-cliff-rock-crystal-gravel-mo-241326
27 NPC Characters Medieval Pack,27 NPC Characters Medieval Pack,,3D,character;medieval,,,6674928202,False,,,False,3D/27 NPC Characters Medieval Pack.unitypackage,
"280+ Stylized Desert & Beach Textures - Sand, Cracked Sand, Water & More",280 Stylized Desert Beach Textures - Sand Cracked Sand Water More,Game Buffs,2D/Textures & Materials/Nature,stylized,1.1.0,,2462143716,True,,,False,3D/280 Stylized Desert Beach Textures - Sand Cracked Sand Water More v1.1.0.unitypackage,https://assetstore.unity.com/packages/2d/textures-materials/nature/280-stylized-desert-beach-textures-sand-cracked-sand-water-more-241324
2D+3D Infinite Runner Engine,2D+3D Infinite Runner Engine,More Mountains,Templates/Systems,template,1.9,,211220089,True,,,False,Templates/2D+3D Infinite Runner Engine v1.9.unitypackage,https://assetstore.unity.com/packages/templates/systems/2d-3d-infinite-runner-engine-51328
2D Ground Tiles - Rule Tiles V3,2D Ground Tiles - Rule Tiles V3,,Tools,editor-tool,1.3,,1348487,True,,,False,Tools/2D Ground Tiles - Rule Tiles V3 v1.3.unitypackage,
2D Icons - 150 Space Rank,2D Icons - 150 Space Rank,LAYERLAB,2D/GUI/Icons,sci-fi;ui,1.0.1,,44981942,True,,,False,2D/GUI/2D Icons - 150 Space Rank v1.0.1.unitypackage,https://assetstore.unity.com/packages/2d/gui/icons/2d-icons-150-space-rank-177281
2D Pixel Unit Maker - SPUM,2D Pixel Unit Maker - SPUM,soonsoon,2D/Characters,,1.7.7,2024-12-03,15589232,True,,,False,2D/2D Pixel Unit Maker - SPUM v1.7.7 (03 Dec 2024).unitypackage,https://assetstore.unity.com/packages/2d/characters/2d-pixel-unit-maker-spum-188715
2D RPG Kit,2D RPG Kit,Arktentrion,Templates/Packs,editor-tool;medieval;template,3.5,,305372765,True,,,False,Tools/2D RPG Kit v3.5.unitypackage,https://assetstore.unity.com/packages/templates/packs/2d-rpg-kit-163910
2D ULTIMATE BUNDLE,2D ULTIMATE BUNDLE,Lootzifr,2D/Characters,,1.0,,62680,True,suspicious,,False,2D/2D ULTIMATE BUNDLE v1.0.unitypackage,https://assetstore.unity.com/packages/2d/characters/2d-ultimate-bundle-187868
2Handed Hammer AnimSet,2Handed Hammer AnimSet,wemakethegame,3D/Animations,animation,1.1,,330784421,True,,,False,3D/Animations/Wemakethegame/2Handed Hammer AnimSet v1.1.unitypackage,https://assetstore.unity.com/packages/3d/animations/2handed-hammer-animset-154725
3D Object Image for UGUI - MiniMap Inventory Portrait,3D Object Image for UGUI - MiniMap Inventory Portrait,KAMGAM,2D/GUI,ui,1.0.6,2025-01-13,3209576,True,,,False,2D/GUI/3D Object Image for UGUI - MiniMap Inventory Portrait v1.0.6 (13 Jan 2025).unitypackage,https://assetstore.unity.com/packages/2d/gui/3d-object-image-for-ugui-minimap-inventory-portrait-275542
"3D Object Image for UI Toolkit - World objects, Mini-Maps, Inventory, Portraits",3D Object Image for UI Toolkit - World objects Mini-Maps Inventory Portraits,KAMGAM,2D/GUI,editor-tool;template;ui,1.1.2,,4959433,True,,,False,2D/GUI/3D Object Image for UI Toolkit - World objects Mini-Maps Inventory Portraits v1.1.2.unitypackage,https://assetstore.unity.com/packages/2d/gui/3d-object-image-for-ui-toolkit-world-objects-mini-maps-inventory-276468
4 Optimization Tools in 1: Mesh Combiner Baker + Mesh Optimizer + Object Pooling,4 Optimization Tools in 1 Mesh Combiner Baker Mesh Optimizer Object Pooling,Queen,Tools/Utilities,editor-tool,1.5,2024-11-14,13727270,True,,,False,Tools/4 Optimization Tools in 1 Mesh Combiner Baker Mesh Optimizer Object Pooling v1.5 (14 Nov 2024).unitypackage,https://assetstore.unity.com/packages/tools/utilities/4-optimization-tools-in-1-mesh-combiner-baker-mesh-optimizer-obj-236754
"400+ Stylized Forest Textures - Grass, Mud, Dirt, Forest Ground & More",400 Stylized Forest Textures - Grass Mud Dirt Forest Ground More,Game Buffs,2D/Textures & Materials/Nature,environment;stylized,1.1.0,,2602122448,True,,,False,3D/400 Stylized Forest Textures - Grass Mud Dirt Forest Ground More v1.1.0.unitypackage,https://assetstore.unity.com/packages/2d/textures-materials/nature/400-stylized-forest-textures-grass-mud-dirt-forest-ground-more-241323
"500+ Stylized Floor & Ground Textures - Concrete, Ceramic, Stone & More",500 Stylized Floor Ground Textures - Concrete Ceramic Stone More,Game Buffs,2D/Textures & Materials/Floors,stylized,1.1.0,,3737593335,True,,,False,3D/500 Stylized Floor Ground Textures - Concrete Ceramic Stone More v1.1.0.unitypackage,https://assetstore.unity.com/packages/2d/textures-materials/floors/500-stylized-floor-ground-textures-concrete-ceramic-stone-more-241328
"500+ Stylized Wall & Surface Textures - Brick, Wood, Marble & More",500 Stylized Wall Surface Textures - Brick Wood Marble More,Game Buffs,2D/Textures & Materials,stylized,1.1.0,,3786710776,True,,,False,3D/500 Stylized Wall Surface Textures - Brick Wood Marble More v1.1.0.unitypackage,https://assetstore.unity.com/packages/2d/textures-materials/500-stylized-wall-surface-textures-brick-wood-marble-more-241329
66 Creatures Super Mega (Pack),66 Creatures Super Mega (Pack),Maksim Bugrimov,3D/Characters/Creatures,character,1.0,2024-11-10,4162660084,True,,same-size-same-folder,False,3D/66 Creatures Super Mega (Pack) v1.0 (10 Nov 2024).unitypackage,https://assetstore.unity.com/packages/3d/characters/creatures/66-creatures-super-mega-pack-302151
66 Creatures Super Mega (Pack),66 Creatures Super Mega (Pack),Maksim Bugrimov,3D/Characters/Creatures,character,,,4162660084,False,,same-size-same-folder,False,3D/66 Creatures Super Mega Pack.unitypackage,https://assetstore.unity.com/packages/3d/characters/creatures/66-creatures-super-mega-pack-302151
70+ Stylized Textures Bundle - RPG Environment,70 Stylized Textures Bundle - RPG Environment,Blink,2D/Textures & Materials,environment;medieval;stylized,1.0,,4053780786,True,,,False,2D/70 Stylized Textures Bundle - RPG Environment v1.0.unitypackage,https://assetstore.unity.com/packages/2d/textures-materials/70-stylized-textures-bundle-rpg-environment-202065
8-Bit Retro Game SFX Pack,8-Bit Retro Game SFX Pack,David Dumais Audio,Audio/Sound FX,sfx,1.0,,462111948,True,,,False,Audio/8-Bit Retro Game SFX Pack v1.0.unitypackage,https://assetstore.unity.com/packages/audio/sound-fx/8-bit-retro-game-sfx-pack-148495
8 KI levels,8 KI levels,Hovl Studio,VFX/Particles/Spells,vfx,2.0.0,,24984714,True,,,False,VFX/Particles/8 KI levels v2.0.0.unitypackage,https://assetstore.unity.com/packages/vfx/particles/spells/8-ki-levels-178409
90 Animated emojis 2D Bubbles,90 Animated emojis 2D Bubbles,,2D,,1.13,,97037077,True,,,False,2D/90 Animated emojis 2D Bubbles 1.13.unitypackage,
A* Pathfinding Project Pro,A Pathfinding Project Pro,Aron Granberg,Tools/Behavior AI,ai-pathfinding;editor-tool,5.4.6,,72344364,True,,,False,Tools/A Pathfinding Project Pro v5.4.6.unitypackage,https://assetstore.unity.com/packages/tools/behavior-ai/a-pathfinding-project-pro-87744
AAA Stylized Projectiles Vol.1,AAA Stylized Projectiles Vol1,Hovl Studio,VFX/Particles,stylized;vfx,3.0.0,,39909480,True,,,False,VFX/Particles/AAA Stylized Projectiles Vol1 v3.0.0.unitypackage,https://assetstore.unity.com/packages/vfx/particles/aaa-stylized-projectiles-vol-1-130378
Action RPG SFX Pack v2,AAR Action RPG SFX Pack,Audio Alchemy Room,Audio/Sound FX,medieval;sfx,1.1,2023-03-21,112677795,True,,,False,Audio/AAR Action RPG SFX Pack v1.1 (21 Mar 2023).unitypackage,https://assetstore.unity.com/packages/audio/sound-fx/action-rpg-sfx-pack-v2-221249
Abandoned Industrial Factory Environment,Abandoned Industrial Factory Environment,Leartes Studios,3D/Environments/Industrial,environment,,,1685074384,False,,,False,3D/Abandoned Industrial Factory Environment.unitypackage,https://assetstore.unity.com/packages/3d/environments/industrial/abandoned-industrial-factory-environment-262233
Abandoned Psychiatric Hospital,Abandoned Psychiatric Hospital,Art Equilibrium,3D/Environments/Urban,horror,,,6385201482,False,,,False,3D/Abandoned Psychiatric Hospital.unitypackage,https://assetstore.unity.com/packages/3d/environments/urban/abandoned-psychiatric-hospital-188270
Abilities | Game Creator 2,Abilities Game Creator 2,Daimahou Games,Tools/Game Toolkits,editor-tool,1.10.0,2025-01-22,15465000,True,,,False,Tools/Game Creator/Abilities Game Creator 2 v1.10.0 (22 Jan 2025).unitypackage,https://assetstore.unity.com/packages/tools/game-toolkits/abilities-game-creator-2-206589
Ability & Combat Toolkit,Ability Combat Toolkit,ABC Toolkit,Tools/Game Toolkits,editor-tool;template,2.3.2,,496882572,True,,,False,Tools/Ability Combat Toolkit v2.3.2.unitypackage,https://assetstore.unity.com/packages/tools/game-toolkits/ability-combat-toolkit-155168
Action RPG Characters,Action RPG Characters,Daniel Gooding,Audio/Sound FX/Voices,character;medieval,1.1,,2103146114,True,,,False,Action RPG Characters v1.1.unitypackage,https://assetstore.unity.com/packages/audio/sound-fx/voices/action-rpg-characters-3763
Admurin's Pixel Items,Admurins Pixel Items,Admurin,2D/GUI/Icons,,1.7,,23920486,True,,,False,2D/GUI/Admurins Pixel Items v1.7.unitypackage,https://assetstore.unity.com/packages/2d/gui/icons/admurin-s-pixel-items-194929
Advanced Building System,Advanced Building System,Szaya,Tools/Game Toolkits,template,1.3.2,2025-02-02,135040448,True,,,False,Advanced Building System v1.3.2 (02 Feb 2025).unitypackage,https://assetstore.unity.com/packages/tools/game-toolkits/advanced-building-system-283793
Advanced Cable Creator,Advanced Cable Creator,NOT_Lonely,Tools/Modeling,editor-tool,1.3,2024-12-17,20533207,True,,,False,Tools/Game Creator/Advanced Cable Creator v1.3 (17 Dec 2024).unitypackage,https://assetstore.unity.com/packages/tools/modeling/advanced-cable-creator-210228
Advanced Culling System 2 Revamped and Boosted Up,Advanced Culling System 2 Revamped and Boosted Up,,Tools,editor-tool;template,1.3.0,,12256945,True,,,False,Tools/Advanced Culling System 2 Revamped and Boosted Up v1.3.0.unitypackage,
Advanced Dissolve,Advanced Dissolve,,VFX,vfx,,,142925457,False,,,False,VFX/Shaders/Advanced Dissolve 2025.4.unitypackage,
Advanced FPS Counter,Advanced FPS Counter,Code Stage,Tools/Utilities,editor-tool,1.5.4,,582780,True,,,False,Tools/Advanced FPS Counter v1.5.4.unitypackage,https://assetstore.unity.com/packages/tools/utilities/advanced-fps-counter-14656
Advanced Multiplayer Game Template,Advanced Multiplayer Game Template,Redicion Studio,Templates/Systems,networking;template,1.07,,1003900349,True,,,False,Templates/Advanced Multiplayer Game Template v1.07.unitypackage,https://assetstore.unity.com/packages/templates/systems/advanced-multiplayer-game-template-241288
Advanced Scene Manager,Advanced Scene Manager,Lazy Solutions,Tools/Utilities,editor-tool,2.6.0,,1780231,True,,,False,Tools/Advanced Scene Manager v2.6.0.unitypackage,https://assetstore.unity.com/packages/tools/utilities/advanced-scene-manager-174152
Advanced Vertical FogHeight Fog Shader for Mobile Desktop and VR,Advanced Vertical FogHeight Fog Shader for Mobile Desktop and VR,,VFX,shader;vfx,1.2,,1178474,True,,,False,VFX/Shaders/Advanced Vertical FogHeight Fog Shader for Mobile Desktop and VR 1.2.unitypackage,
Adventure Creator,Adventure Creator,ICEBOX Studios,Tools/Game Toolkits,editor-tool,1.83.0,,73680573,True,,,False,Tools/Game Creator/Adventure Creator v1.83.0.unitypackage,https://assetstore.unity.com/packages/tools/game-toolkits/adventure-creator-11896
Adventurer Armor Set - Stylized Fantasy RPG,Adventurer Armor Set - Stylized Fantasy RPG,Blink,3D/Characters/Humanoids/Fantasy,medieval;prop;stylized,1.0,,21923273,True,,,False,3D/Adventurer Armor Set - Stylized Fantasy RPG v1.0.unitypackage,https://assetstore.unity.com/packages/3d/characters/humanoids/fantasy/adventurer-armor-set-stylized-fantasy-rpg-227607
ALINE,ALINE,Aron Granberg,Tools/GUI,editor-tool,1.7.9,2026-02-19,852132,True,,,False,Tools/ALINE v1.7.9 (19 Feb 2026).unitypackage,https://assetstore.unity.com/packages/tools/gui/aline-162772
All In 1 3D-Shader,All In 1 3D-Shader,Seaside Studios,VFX/Shaders,shader;vfx,2.74,2026-04-07,55895969,True,,,False,VFX/Shaders/All In 1 3D-Shader v2.74 (07 Apr 2026).unitypackage,https://assetstore.unity.com/packages/vfx/shaders/all-in-1-3d-shader-316173
All In 1 3D-Shader,All In 1 3D-Shader,Seaside Studios,VFX/Shaders,shader;vfx,2.01,2025-08-23,52662335,False,,,False,VFX/Shaders/All In 1 3D-Shader v2.01 (23 Aug 2025).unitypackage,https://assetstore.unity.com/packages/vfx/shaders/all-in-1-3d-shader-316173
All In 1 Shader Nodes,All In 1 Shader Nodes,,VFX,shader;vfx,1.12,,16178802,True,,,False,VFX/Shaders/All In 1 Shader Nodes v1.12.unitypackage,
All In 1 Springs Toolkit,All In 1 Springs Toolkit,Seaside Studios,Tools/Utilities,editor-tool;template,1.7,2026-01-28,4720623,True,,,False,Tools/All In 1 Springs Toolkit v1.7 (28 Jan 2026).unitypackage,https://assetstore.unity.com/packages/tools/utilities/all-in-1-springs-toolkit-271579
All In 1 Sprite Lighting,All In 1 Sprite Lighting,Seaside Studios,VFX/Shaders,lighting;vfx,2.25,,44039331,True,,,False,VFX/Shaders/All In 1 Sprite Lighting v2.25.unitypackage,https://assetstore.unity.com/packages/vfx/shaders/all-in-1-sprite-lighting-161831
All In 1 Sprite Shader,All In 1 Sprite Shader,Seaside Studios,VFX/Shaders,shader;vfx,4.68,2026-05-20,17120921,True,,,False,VFX/Shaders/All In 1 Sprite Shader v4.68 (20 May 2026).unitypackage,https://assetstore.unity.com/packages/vfx/shaders/all-in-1-sprite-shader-156513
All In 1 Vfx Toolkit,All In 1 Vfx Toolkit,Seaside Studios,VFX,editor-tool;template;vfx,2.3,2026-02-07,249170029,True,,,False,VFX/Shaders/All In 1 Vfx Toolkit v2.3 (07 Feb 2026).unitypackage,https://assetstore.unity.com/packages/vfx/all-in-1-vfx-toolkit-206665
All In 1 Vfx Toolkit,All In 1 Vfx Toolkit,Seaside Studios,VFX,editor-tool;template;vfx,2.1,,250481073,False,,,False,VFX/All In 1 Vfx Toolkit v2.1.unitypackage,https://assetstore.unity.com/packages/vfx/all-in-1-vfx-toolkit-206665
AllSky - 220+ Sky / Skybox Set,AllSky - 220 Sky Skybox Set,rpgwhitelock,2D/Textures & Materials/Sky,skybox,5.2.0,,5948381557,True,,,False,2D/AllSky - 220 Sky Skybox Set v5.2.0.unitypackage,https://assetstore.unity.com/packages/2d/textures-materials/sky/allsky-220-sky-skybox-set-10109
Ambient Scary - Volume 1,Ambient Scary - Volume 1,Bohn Studios,Audio/Ambient,sfx;vehicle,1.1,,201283419,True,,,False,Audio/Ambient Scary - Volume 1 v1.1.unitypackage,https://assetstore.unity.com/packages/audio/ambient/ambient-scary-volume-1-167786
Amplify Animation Pack,Amplify Animation Pack,Amplify Creations,3D/Animations,animation,1.0.1000,,419110993,True,,,False,3D/Amplify Animation Pack v1.0.1000.unitypackage,https://assetstore.unity.com/packages/3d/animations/amplify-animation-pack-207911
Amplify Impostors,Amplify Impostors,Amplify Creations,Tools/Utilities,vfx,1.0.0,2025-04-08,216740350,True,,,False,VFX/Shaders/Amplify Impostors v1.0.0 (08 Apr 2025).unitypackage,https://assetstore.unity.com/packages/tools/utilities/amplify-impostors-119877
Amplify LUT Pack,Amplify LUT Pack,Amplify Creations,VFX/Shaders/Fullscreen & Camera Effects,vfx,1.2.0,2024-08-28,10644416,True,,,False,VFX/Shaders/Amplify LUT Pack v1.2.0 (28 Aug 2024).unitypackage,https://assetstore.unity.com/packages/vfx/shaders/fullscreen-camera-effects/amplify-lut-pack-50070
Amplify Shader Editor,Amplify Shader Editor,Amplify Creations,Tools/Visual Scripting,editor-tool;shader;vfx,1.9.9.9,2026-04-08,56673180,True,,,False,VFX/Shaders/Amplify Shader Editor v1.9.9.9 (08 Apr 2026).unitypackage,https://assetstore.unity.com/packages/tools/visual-scripting/amplify-shader-editor-68570
Amplify Shader Pack,Amplify Shader Pack,Amplify Creations,VFX/Shaders,shader;vfx,2.3.10,,396626398,True,,,False,VFX/Shaders/Amplify Shader Pack v2.3.10.unitypackage,https://assetstore.unity.com/packages/vfx/shaders/amplify-shader-pack-202484
Amusement Park - Low Poly 3D Models Pack,Amusement Park - Low Poly Asset Pack by ithappy,ithappy,3D/Environments/Landscapes,low-poly;urp,1.1,,56194960,True,,,False,3D/Amusement Park - Low Poly Asset Pack by ithappy v1.1 (URP version).unitypackage,https://assetstore.unity.com/packages/3d/environments/landscapes/amusement-park-low-poly-3d-models-pack-235574
Ancient Egypt Pack - Synty POLYGON - Stylized Low Poly Assets,Ancient Egypt Pack - Synty POLYGON - Stylized Low Poly Assets,,3D,low-poly;stylized,1.0.1,,190570062,True,,,False,3D/Synty/Ancient Egypt Pack - Synty POLYGON - Stylized Low Poly Assets v1.0.1.unitypackage,
Ancient Empire - Synty POLYGON - Stylized low poly art assets,Ancient Empire - Synty POLYGON - Stylized low poly art assets,,3D,low-poly;stylized,1.5.0,,120779228,True,,,False,3D/Synty/Ancient Empire - Synty POLYGON - Stylized low poly art assets v1.5.0.unitypackage,
Animancer Pro v8,Animancer Pro,Kybernetik,Tools/Animation,animation;editor-tool,8.0.2,,10495663,True,,,False,Tools/Animancer Pro v8.0.2.unitypackage,https://assetstore.unity.com/packages/tools/animation/animancer-pro-v8-293522
Animatext - Text Animation System,Animatext - Text Animation System,Seeley Studio,Tools/GUI,animation;template,1.2.4,,4821439,True,,,False,3D/Animations/Animatext - Text Animation System v1.2.4.unitypackage,https://assetstore.unity.com/packages/tools/gui/animatext-text-animation-system-201977
Animation Composer System - ACS,Animation Composer System - ACS,,Tools,animation;editor-tool;template,1.3.8,,20025797,True,,,False,Tools/Animation Composer System - ACS v1.3.8.unitypackage,
Animation Composer System - ACS,Animation Composer System - ACS,,Tools,animation;editor-tool;template,,,19736702,False,,,False,Tools/Animation Composer System - ACS.unitypackage,
Animation Designer,Animation Designer,FImpossible Creations,Tools/Animation,animation,1.2.5.3,2025-07-03,6709621,True,,,False,3D/Animations/Animation Designer v1.2.5.3 (03 Jul 2025).unitypackage,https://assetstore.unity.com/packages/tools/animation/animation-designer-210513
Animation Designer,Animation Designer,FImpossible Creations,Tools/Animation,animation,,,6614199,False,,,False,3D/Animations/Animation Designer.unitypackage,https://assetstore.unity.com/packages/tools/animation/animation-designer-210513
Animation Preview Pro,Animation Preview Pro,Rowlan,Tools/Animation,animation,1.9.0,2025-02-03,18178540,True,,same-size-same-version-different-folder,False,3D/Animations/Animation Preview Pro v1.9.0 (03 Feb 2025).unitypackage,https://assetstore.unity.com/packages/tools/animation/animation-preview-pro-227335
Animation Preview Pro,Animation Preview Pro,Rowlan,Tools/Animation,animation,1.9.0,2025-02-03,18178540,False,,same-size-same-version-different-folder,False,Tools/Animation Preview Pro v1.9.0 (03 Feb 2025).unitypackage,https://assetstore.unity.com/packages/tools/animation/animation-preview-pro-227335
Aoi Character Pack,Aoi Character Pack,Game Asset Studio,3D/Characters,character,1.11,,385918787,True,,,False,3D/Aoi Character Pack v1.11.unitypackage,https://assetstore.unity.com/packages/3d/characters/aoi-character-pack-12495
Archer Effects Pack 1,Archer Effects Pack 1,kripto289,VFX/Particles/Spells,vfx,1.2,,229192565,True,,,False,VFX/Particles/Archer Effects Pack 1 v1.2.unitypackage,https://assetstore.unity.com/packages/vfx/particles/spells/archer-effects-pack-1-124474
Archer skills pack,Archer skills pack,Hovl Studio,VFX/Particles/Spells,vfx,1.0,,325687023,True,,,False,VFX/Particles/Archer skills pack v1.0.unitypackage,https://assetstore.unity.com/packages/vfx/particles/spells/archer-skills-pack-184856
Arctic - Low Poly 3D Models Pack,Arctic - Low Poly Asset Pack by ithappy,ithappy,3D/Environments,low-poly,1.0,,27178642,True,,,False,3D/Arctic - Low Poly Asset Pack by ithappy v1.0.unitypackage,https://assetstore.unity.com/packages/3d/environments/arctic-low-poly-3d-models-pack-226358
Ash Vehicle AI,Ash Vehicle AI,Ash Dev,Tools/Behavior AI,ai-pathfinding;editor-tool;vehicle,,,22330031,False,,,False,Tools/Ash Vehicle AI.unitypackage,https://assetstore.unity.com/packages/tools/behavior-ai/ash-vehicle-ai-200028
Asset Cleaner PRO - Clean | Find References,Asset Cleaner PRO - Clean Find References,GameDev Tools,Tools/Utilities,editor-tool,1.32,,102267,True,,,False,Tools/Asset Cleaner PRO - Clean Find References v1.32.unitypackage,https://assetstore.unity.com/packages/tools/utilities/asset-cleaner-pro-clean-find-references-167990
Asset Hunter PRO,Asset Hunter PRO,HeurekaGames,Tools/Utilities,editor-tool,2.2.25,2025-06-09,313920,True,,,False,Tools/Asset Hunter PRO v2.2.25 (09 Jun 2025).unitypackage,https://assetstore.unity.com/packages/tools/utilities/asset-hunter-pro-135296
AssetIcons,AssetIcons,Fydar,Tools/Utilities,ui,2.1,,1049061,True,,,False,2D/AssetIcons v2.1.unitypackage,https://assetstore.unity.com/packages/tools/utilities/asseticons-100547
Astro Bot - Robot Voice Pack,Astro Bot - Robot Voice Pack,Alpine Audio,Audio/Sound FX/Voices,sfx,1.1.0,,48077781,True,,,False,Audio/Astro Bot - Robot Voice Pack v1.1.0.unitypackage,https://assetstore.unity.com/packages/audio/sound-fx/voices/astro-bot-robot-voice-pack-112220
Asylum NPC Animations,Asylum NPC Animations,RamsterZ,3D/Animations,animation;character,1.0,,53838164,True,,,False,3D/Animations/RamsterZ/Asylum NPC Animations v1.0.unitypackage,https://assetstore.unity.com/packages/3d/animations/asylum-npc-animations-293789
Atmospheric House (Modular),Atmospheric House (Modular),Finward Studios,3D/Environments/Urban,,1.1.0,,6257348358,True,,,False,3D/Atmospheric House (Modular) v1.1.0.unitypackage,https://assetstore.unity.com/packages/3d/environments/urban/atmospheric-house-modular-192712
Auto-ASMDEF,Auto-ASMDEF,2SD,Tools/Utilities,editor-tool,1.4b,,2075237,True,,,False,Tools/Auto-ASMDEF v1.4b.unitypackage,https://assetstore.unity.com/packages/tools/utilities/auto-asmdef-156502
AZURE Nature,AZURE Nature,Raygeas,3D/Vegetation,environment,1.1.3,,326532956,True,,,False,3D/AZURE Nature v1.1.3.unitypackage,https://assetstore.unity.com/packages/3d/vegetation/azure-nature-167725
Bake AO - Easy ambient occlusion baking,Bake AO - Easy ambient occlusion baking,Procedural Pixels,Tools/Utilities,editor-tool,1.0.1,,15824495,True,,,False,Tools/Bake AO - Easy ambient occlusion baking v1.0.1.unitypackage,https://assetstore.unity.com/packages/tools/utilities/bake-ao-easy-ambient-occlusion-baking-263743
Bakery - GPU Lightmapper,Bakery - GPU Lightmapper,Mr F,Tools/Level Design,editor-tool;lighting,1.98,2025-12-24,509028137,True,,,False,Tools/Bakery - GPU Lightmapper v1.98 (24 Dec 2025).unitypackage,https://assetstore.unity.com/packages/tools/level-design/bakery-gpu-lightmapper-122218
Bakery Real-Time Preview,Bakery Real-Time Preview,,Tools,editor-tool;lighting,1.198,2025-12-24,1517076,True,,,False,Tools/Bakery Real-Time Preview v1.198 (24 Dec 2025).unitypackage,
Bare Ninja AnimSet,Bare Ninja Anim Set,wemakethegame,3D/Animations,,1.2,,189834187,True,,,False,3D/Animations/Wemakethegame/Bare Ninja Anim Set v1.2.unitypackage,https://assetstore.unity.com/packages/3d/animations/bare-ninja-animset-183589
Battle Royale Hero PBR,Battle Royale Hero PBR,Dungeon Mason,3D/Characters/Humanoids,character,,,317426445,False,,,False,3D/Battle Royale Hero PBR.unitypackage,https://assetstore.unity.com/packages/3d/characters/humanoids/battle-royale-hero-pbr-189511
Battle Sound Library - Magic Melee - Fantasy RPG,Battle Sound Library - Magic Melee - Fantasy RPG,,Audio,medieval;sfx,4.2.1,2024-12-16,606741690,True,,,False,Audio/Battle Sound Library - Magic Melee - Fantasy RPG v4.2.1 (16 Dec 2024).unitypackage,
BattleSimulator,BattleSimulator,,,,,,9733356,False,,,True,BattleSimulator.zip,
Beach Bundle: Boys and Girls,Beach Bundle Boys and Girls,Ida Faber,3D/Characters/Humanoids/Humans,,2.0,,4019079754,True,,,False,3D/Beach Bundle Boys and Girls v2.0.unitypackage,https://assetstore.unity.com/packages/3d/characters/humanoids/humans/beach-bundle-boys-and-girls-254781
Beat 'Em Up - Game Template 3D,Beat Em Up - Game Template 3D,Osarion,Templates/Systems,template,1.4,,64276919,True,,,False,Templates/Beat Em Up - Game Template 3D v1.4.unitypackage,https://assetstore.unity.com/packages/templates/systems/beat-em-up-game-template-3d-98013
Beautify 3 - Advanced Post Processing,Beautify 3 - Advanced Post Processing,Kronnect,VFX/Shaders/Fullscreen & Camera Effects,shader;vfx,24.1,2025-06-17,77566984,True,,,False,VFX/Shaders/Beautify 3 - Advanced Post Processing v24.1 (17 Jun 2025).unitypackage,https://assetstore.unity.com/packages/vfx/shaders/fullscreen-camera-effects/beautify-3-advanced-post-processing-233073
Beautify HDRP,Beautify HDRP,Kronnect,VFX/Shaders/Fullscreen & Camera Effects,hdrp;shader;vfx,7.1.1,2024-12-24,24788624,True,,,False,VFX/Shaders/Beautify HDRP v7.1.1 (24 Dec 2024).unitypackage,https://assetstore.unity.com/packages/vfx/shaders/fullscreen-camera-effects/beautify-hdrp-165411
Beauty Games Sound Effects and Music Pack,Beauty Games Sound Effects and Music Pack,,Audio,music;sfx;vfx,2.0,2023-01-20,129215523,True,,,False,Audio/SwishSwoosh/Beauty Games Sound Effects and Music Pack v2.0 (20 Jan 2023).unitypackage,
Behavior 2 | Game Creator 2,Behavior 2 Game Creator 2 by Catsoft Works,Catsoft Works,Tools/Behavior AI,ai-pathfinding;editor-tool,2.1.6,2024-10-18,3120858,True,,,False,Tools/Game Creator/Behavior 2 Game Creator 2 by Catsoft Works v2.1.6 (18 Oct 2024).unitypackage,https://assetstore.unity.com/packages/tools/behavior-ai/behavior-2-game-creator-2-262851
Behavior Designer - Behavior Trees for Everyone,Behavior Designer - Behavior Trees for Everyone,Opsive,Tools/Behavior AI,ai-pathfinding;editor-tool,1.7.9,,4311806,True,,,False,Tools/Behavior Designer - Behavior Trees for Everyone v1.7.9.unitypackage,https://assetstore.unity.com/packages/tools/behavior-ai/behavior-designer-behavior-trees-for-everyone-15277
Behavior Designer Pro - DOTS Powered Behavior Trees,Behavior Designer Pro - DOTS Powered Behavior Trees,,Tools,ai-pathfinding;editor-tool,2.0.8,,73723882,True,,,False,Tools/Behavior Designer Pro - DOTS Powered Behavior Trees v2.0.8.unitypackage,
Berserker Fighter Mecanim Animation Pack,Berserker Fighter Mecanim Animation Pack,Explosive,3D/Animations,animation,1.8,,8346347,True,,,False,3D/Animations/Berserker Fighter Mecanim Animation Pack v1.8.unitypackage,https://assetstore.unity.com/packages/3d/animations/berserker-fighter-mecanim-animation-pack-33201
Better Animation Events,Better Animation Events,,Tools,animation;editor-tool,2.0.1,,915786,True,,,False,Tools/Better Animation Events v2.0.1.unitypackage,
"Better Fog: Height Fog, Light Scattering & More",Better Fog Height Fog Light Scattering More,INab Studio,VFX/Shaders,editor-tool;lighting,,,41428292,False,,,False,Tools/Better Fog Height Fog Light Scattering More.unitypackage,https://assetstore.unity.com/packages/vfx/shaders/better-fog-height-fog-light-scattering-more-259457
Better Lit Shader 2021,Better Lit Shader 2021,,VFX,shader;vfx,1.1.33,,171590559,True,,,False,VFX/Shaders/Better Lit Shader 2021 1.1.33.unitypackage,
Better Mesh - Mesh Preview & Full-insight at a glance,Better Mesh - Mesh Preview Full-insight at a glance,Tiny Giant Studio,Tools/Utilities,editor-tool,2.1.0,,107017,True,,,False,Tools/Better Mesh - Mesh Preview Full-insight at a glance v2.1.0.unitypackage,https://assetstore.unity.com/packages/tools/utilities/better-mesh-mesh-preview-full-insight-at-a-glance-321364
Better Transform Size Notes Global Local workspace child parent,Better Transform Size Notes Global Local workspace child parent,,Tools,editor-tool;sci-fi,2.11.0a,2025-06-21,118817,True,,,False,Tools/Better Transform Size Notes Global Local workspace child parent v2.11.0a (21 Jun 2025).unitypackage,
Binding System 2,Binding System 2,,Tools,editor-tool;template,2.4.1,2025-07-20,15651606,True,,,False,Tools/Binding System 2 v2.4.1 (20 Jul 2025).unitypackage,
Black mage spells,Black mage spells,Hovl Studio,VFX/Particles/Spells,vfx,1.2,,369827064,True,,,False,VFX/Particles/Black mage spells v1.2.unitypackage,https://assetstore.unity.com/packages/vfx/particles/spells/black-mage-spells-197825
Blue Sci-fi GUI Kit + 250 icons!,Blue Sci-fi GUI Kit 250 icons,HONETi,2D/GUI,sci-fi;template;ui,1.0.1,,105185980,True,,,False,2D/GUI/Blue Sci-fi GUI Kit 250 icons v1.0.1.unitypackage,https://assetstore.unity.com/packages/2d/gui/blue-sci-fi-gui-kit-250-icons-297446
Bones Stimulator,Bones Stimulator,FImpossible Creations,Tools/Animation,editor-tool,2.0.0,2024-12-31,2661112,True,,,False,Tools/Bones Stimulator v2.0.0 (31 Dec 2024).unitypackage,https://assetstore.unity.com/packages/tools/animation/bones-stimulator-122233
BoStaff AnimSet,BoStaff AnimSet,wemakethegame,3D/Animations,animation,1.01,2024-11-21,219123395,True,,,False,3D/Animations/Wemakethegame/BoStaff AnimSet v1.01 (21 Nov 2024).unitypackage,https://assetstore.unity.com/packages/3d/animations/bostaff-animset-240125
BoZo: Stylized Modular Characters - Base Pack,BoZo Stylized Modular Characters - Base Pack,BoZo,3D/Characters/Humanoids/Humans,character;stylized,2.1.3,2025-11-09,132390927,True,,,False,3D/BoZo Stylized Modular Characters - Base Pack v2.1.3 (09 Nov 2025).unitypackage,https://assetstore.unity.com/packages/3d/characters/humanoids/humans/bozo-stylized-modular-characters-base-pack-281577
Breeze - Advanced Character Behaviour,Breeze - Advanced Character Behaviour,Breeze Assets,Tools/Behavior AI,ai-pathfinding;character,,,357370,False,,,False,Breeze - Advanced Character Behaviour.unitypackage,https://assetstore.unity.com/packages/tools/behavior-ai/breeze-advanced-character-behaviour-256996
Broccoli Tree Creator,Broccoli Tree Creator,Waldemarst,Tools/Modeling,editor-tool,1.10.4,2025-07-26,717884911,True,,,False,Tools/Game Creator/Broccoli Tree Creator v1.10.4 (26 Jul 2025).unitypackage,https://assetstore.unity.com/packages/tools/modeling/broccoli-tree-creator-121853
Brutal Double Axe AnimSet,Brutal Double axe Anim Set,wemakethegame,3D/Animations,,1.0,,166050920,True,,,False,3D/Animations/Wemakethegame/Brutal Double axe Anim Set v1.0.unitypackage,https://assetstore.unity.com/packages/3d/animations/brutal-double-axe-animset-155602
Bubble Shooter Kit,Bubble Shooter Kit,gamevanilla,Templates/Systems,template,1.1.1,,155471431,True,,,False,Bubble Shooter Kit v1.1.1.unitypackage,https://assetstore.unity.com/packages/templates/systems/bubble-shooter-kit-124730
Burnout Drift Multiplayer,Burnout Drift Multiplayer,BoneCracker Games,Templates/Packs,networking;vehicle,2.0,,340584293,True,,,False,Burnout Drift Multiplayer 2.0.unitypackage,https://assetstore.unity.com/packages/templates/packs/burnout-drift-multiplayer-226272
Burst Great Sword Action Asset,Burst Great Sword Action Asset,Grruzam,3D/Animations,,1.8,2022-06-24,95080990,True,,,False,3D/Animations/Grruzam/Burst Great Sword Action Asset v1.8 (24 Jun 2022).unitypackage,https://assetstore.unity.com/packages/3d/animations/burst-great-sword-action-asset-183617
Bus Stop Jam | Template + Editor,Bus Stop Jam Template Editor,Watermelon Games,Templates/Packs,editor-tool;template,1.1.3,,17246223,True,,,False,Templates/Bus Stop Jam Template Editor v1.1.3.unitypackage,https://assetstore.unity.com/packages/templates/packs/bus-stop-jam-template-editor-277221
Camera Fit (Rect + Perspective + Orthographic),Camera Fit (Rect Perspective Orthographic),KAKO TOOLS,Tools/Camera,editor-tool,1.1.9,2024-07-19,10878735,True,,,False,Tools/Camera Fit (Rect Perspective Orthographic) v1.1.9 (19 Jul 2024).unitypackage,https://assetstore.unity.com/packages/tools/camera/camera-fit-rect-perspective-orthographic-265457
Candy Game GUI Match 3,Candy Game GUI Match 3,Justwo,2D/GUI/Icons,ui,1.0,2022-02-25,125317699,True,,,False,2D/Candy Game GUI Match 3 v1.0 (25 Feb 2022).unitypackage,https://assetstore.unity.com/packages/2d/gui/icons/candy-game-gui-match-3-214608
Candy Match 3 Kit,Candy Match 3 Kit,gamevanilla,Templates/Systems,template,1.1.1,,150500712,True,,,False,Templates/Candy Match 3 Kit v1.1.1.unitypackage,https://assetstore.unity.com/packages/templates/systems/candy-match-3-kit-111083
Capoeira Anim Set,Capoeira Anim Set,wemakethegame,3D/Animations,,1.21,2024-11-08,67119956,True,,,False,3D/Animations/Wemakethegame/Capoeira Anim Set v1.21 (08 Nov 2024).unitypackage,https://assetstore.unity.com/packages/3d/animations/capoeira-anim-set-184433
Cartoon FX 2 Remaster [R 1.2.4],Cartoon FX 2 Remaster [R 1.2.4],,VFX,stylized;vehicle;vfx,,,12868789,False,,,False,VFX/Particles/Cartoon FX 2 Remaster [R 1.2.4].unitypackage,
Cartoon FX 3 Remaster [R 1.1.4],Cartoon FX 3 Remaster [R 1.1.4],,VFX,stylized;vehicle;vfx,,,11331332,False,,,False,VFX/Particles/Cartoon FX 3 Remaster [R 1.1.4].unitypackage,
Cartoon FX 4 Remaster [R 1.1.4],Cartoon FX 4 Remaster [R 1.1.4],,VFX,stylized;vehicle;vfx,,,13764670,False,,,False,VFX/Particles/Cartoon FX 4 Remaster [R 1.1.4].unitypackage,
Cartoon FX Remaster [R 1.2.4],Cartoon FX Remaster [R 1.2.4],,VFX,stylized;vehicle;vfx,,,10973432,False,,,False,VFX/Particles/Cartoon FX Remaster [R 1.2.4].unitypackage,
Cartoon GUI Pack,Cartoon GUI Pack,ricimi,2D/GUI,stylized;ui;vehicle,2.0.5,2025-07-04,196345029,True,,,False,2D/GUI/Cartoon GUI Pack v2.0.5 (04 Jul 2025).unitypackage,https://assetstore.unity.com/packages/2d/gui/cartoon-gui-pack-48850
Casual Interface Sounds,Casual Interface Sounds,izvestov,Audio/Sound FX,sfx;ui,1.0,,32713563,True,,,False,Audio/Casual Interface Sounds v1.0.unitypackage,https://assetstore.unity.com/packages/audio/sound-fx/casual-interface-sounds-252455
Casual & Mobile Music and Sounds Pack,Casual Mobile Music and Sounds Pack,PlaceHolder Inc,Audio/Music,music;sfx,1.0,,360052865,True,,,False,Audio/Casual Mobile Music and Sounds Pack v1.0.unitypackage,https://assetstore.unity.com/packages/audio/music/casual-mobile-music-and-sounds-pack-292853
Casual Ultimate GUI Pack,Casual Ultimate GUI Pack,Veter Games,2D/GUI,ui,1.1,,254455936,True,,,False,2D/GUI/Casual Ultimate GUI Pack v1.1.unitypackage,https://assetstore.unity.com/packages/2d/gui/casual-ultimate-gui-pack-250802
Cemetery - Low Poly 3D Model Pack,Cemetery - Low Poly 3D Model Pack,ithappy,3D/Environments,low-poly,2.2,2025-07-12,35723756,True,,,False,3D/Cemetery - Low Poly 3D Model Pack v2.2 (12 Jul 2025).unitypackage,https://assetstore.unity.com/packages/3d/environments/cemetery-low-poly-3d-model-pack-225625
Character Auras,Character Auras,Hovl Studio,VFX/Particles/Spells,character;vfx,1.02,2024-11-09,30084765,True,,,False,VFX/Particles/Character Auras v1.02 (09 Nov 2024).unitypackage,https://assetstore.unity.com/packages/vfx/particles/spells/character-auras-164961
Character Auras 3,Character Auras 3,Hovl Studio,VFX/Particles/Spells,character;vfx,1.0,2024-10-30,45452075,True,,,False,VFX/Particles/Character Auras 3 v1.0 (30 Oct 2024).unitypackage,https://assetstore.unity.com/packages/vfx/particles/spells/character-auras-3-247698
Character Editor Fantasy,Character Editor Fantasy,,2D,character;editor-tool;medieval,8.5,2025-03-11,43737108,True,,,False,2D/Character Editor Fantasy v8.5 (11 Mar 2025).unitypackage,
Character Editor Megapack,Character Editor Megapack,,2D,character;editor-tool,8.6,,142369233,True,,,False,2D/Character Editor Megapack v8.6.unitypackage,
Children At Play - Mocap Animation Pack,Children At Play - Mocap Animation Pack,MoCap Online,3D/Animations,animation,2.0,,45364156,True,,,False,3D/Animations/Mocap Online/Children At Play - Mocap Animation Pack v2.0.unitypackage,https://assetstore.unity.com/packages/3d/animations/children-at-play-mocap-animation-pack-214959
ChineseAlley,ChineseAlley,,3D,builtin,1.0,,2420423650,True,,,False,3D/Chinese Alley Environment v1.0/ChineseAlley_Builtin_2021.3.6f1.unitypackage,
ChineseAlley,ChineseAlley,,3D,hdrp,1.0,,2430185418,True,,,False,3D/Chinese Alley Environment v1.0/ChineseAlley_HDRP_2021.3.6f1.unitypackage,
ChineseAlley,ChineseAlley,,3D,urp,1.0,,2430935875,True,,,False,3D/Chinese Alley Environment v1.0/ChineseAlley_URP_2021.3.6f1.unitypackage,
City 3 - Low Poly 3D Models Pack,City 3 - Low Poly 3D Models Pack,,3D,environment;low-poly,1.1,2024-10-08,12970098,True,,,False,3D/City 3 - Low Poly 3D Models Pack v1.1 (08 Oct 2024).unitypackage,
Classic City Builder Kit,Classic City Builder Kit,SoftLeitner,Templates/Systems,environment;template,1.9.1,2025-01-21,34550980,True,,,False,Classic City Builder Kit v1.9.1 (21 Jan 2025).unitypackage,https://assetstore.unity.com/packages/templates/systems/classic-city-builder-kit-187814
Classic Fantasy RPG - UI Kit,Classic Fantasy RPG - UI Kit,PONETI,2D/GUI,medieval;template;ui,1.01,,605417960,True,,,False,2D/GUI/Classic Fantasy RPG - UI Kit v1.01.unitypackage,https://assetstore.unity.com/packages/2d/gui/classic-fantasy-rpg-ui-kit-193841
Classic Female Ghost,Classic Female Ghost,,3D,,1.0,,26361499,True,,,False,3D/Animations/RamsterZ/Classic Female Ghost v1.0.unitypackage,
Classic RPG GUI,Classic RPG GUI,PONETI,2D/GUI,medieval;ui,1.1,,91382016,True,,,False,2D/GUI/Classic RPG GUI v1.1.unitypackage,https://assetstore.unity.com/packages/2d/gui/classic-rpg-gui-160253
Clean & Minimalist GUI Pack,Clean Minimalist GUI Pack,ricimi,2D/GUI,ui,3.0.3,,302658861,True,,,False,2D/GUI/Clean Minimalist GUI Pack v3.0.3.unitypackage,https://assetstore.unity.com/packages/2d/gui/clean-minimalist-gui-pack-75123
Clean Multiplayer Pro,Clean Multiplayer Pro,Avocado Shark,Templates/Packs,editor-tool;networking,1.0.1,,27377065,True,,,False,Tools/Clean Multiplayer Pro v1.0.1.unitypackage,https://assetstore.unity.com/packages/templates/packs/clean-multiplayer-pro-264984
Clothing Culler,Clothing Culler,Salvage Studios,Tools/Utilities,editor-tool,1.1.13,2024-09-16,29576225,True,,,False,Tools/Clothing Culler v1.1.13 (16 Sep 2024).unitypackage,https://assetstore.unity.com/packages/tools/utilities/clothing-culler-203672
Color Studio,Color Studio,Kronnect,Tools/Painting,,5.0.1,2024-10-21,937680,True,,,False,Color Studio v5.0.1 (21 Oct 2024).unitypackage,https://assetstore.unity.com/packages/tools/painting/color-studio-151892
Combat animations - Kickboxing and Muay Thai V2,Combat animations - Kickboxing and Muay Thai V2,,3D,animation,1.0,,4755035,True,,,False,3D/Animations/(Bug) Combat animations - Kickboxing and Muay Thai V2 v1.0.unitypackage,
Combat animations - Kung fu V1,Combat animations - Kung fu V1,,3D,animation,1.0,,5816405,True,,,False,3D/Animations/(Bug) Combat animations - Kung fu V1 v1.0.unitypackage,
Combat Magic Spells - Volume II,Combat Magic Spells - Volume II,,,,1.0,2025-06-19,110255183,True,,,False,Combat Magic Spells - Volume II v1.0 (19 Jun 2025).unitypackage,
Controller Overlays Button Kits (3 styles) x8 controllers keyboard mouse,Controller Overlays Button Kits (3 styles) x8 controllers keyboard mouse,,2D,template,1.9.2,,160570540,True,,,False,2D/GUI/Controller Overlays Button Kits (3 styles) x8 controllers keyboard mouse v1.9.2.unitypackage,
COOKING SIMULATOR GAME SOUNDS,COOKING SIMULATOR GAME SOUNDS,Wes Sound Products,Audio/Sound FX,sfx,1.0,,16505986,True,,,False,Audio/COOKING SIMULATOR GAME SOUNDS v1.0.unitypackage,https://assetstore.unity.com/packages/audio/sound-fx/cooking-simulator-game-sounds-233274
Coral Forest - Seaweed Valley,Coral Forest - Seaweed Valley,,3D,environment,1.1,,57709407,True,,,False,3D/Coral_Forest_-_Seaweed_Valley_v1.1.unitypackage,
Corgi Engine - 2D + 2.5D Platformer,Corgi Engine - 2D 25D Platformer,More Mountains,Templates/Systems,template,9.3,2024-12-23,307565390,True,,,False,Corgi Engine - 2D 25D Platformer v9.3 (23 Dec 2024).unitypackage,https://assetstore.unity.com/packages/templates/systems/corgi-engine-2d-2-5d-platformer-26617
Couples Anim Pack,Couples Anim Pack,RamsterZ,3D/Animations,,1.0,,18811433,True,,,False,3D/Animations/RamsterZ/Couples Anim Pack v1.0.unitypackage,https://assetstore.unity.com/packages/3d/animations/couples-anim-pack-222376
COZY: Blocks - Preset-Based Atmosphere Module,COZY Blocks - Preset-Based Atmosphere Module,Distant Lands,Tools/Utilities,editor-tool,1.7.0,2025-01-22,1881961,True,,,False,Tools/COZY Blocks - Preset-Based Atmosphere Module v1.7.0 (22 Jan 2025).unitypackage,https://assetstore.unity.com/packages/tools/utilities/cozy-blocks-preset-based-atmosphere-module-238051
COZY: Plume - Volumetric Clouds Module,COZY Plume - Volumetric Clouds Module,Distant Lands,Tools/Particles & Effects,editor-tool;skybox,1.2,,4675309,True,,,False,Tools/COZY Plume - Volumetric Clouds Module v1.2.unitypackage,https://assetstore.unity.com/packages/tools/particles-effects/cozy-plume-volumetric-clouds-module-243905
COZY: Stylized Weather 3,COZY Stylized Weather 3,Distant Lands,VFX/Shaders,stylized,3.6.2,2025-03-31,382228694,True,,,False,3D/COZY Stylized Weather 3 v3.6.2 (31 Mar 2025).unitypackage,https://assetstore.unity.com/packages/vfx/shaders/cozy-stylized-weather-3-271742
Crafting Mecanim Animation Pack,Crafting Mecanim Animation Pack,Explosive,3D/Animations,animation,4.0.1,2025-05-19,13158971,True,,,False,3D/Animations/Explosive/Crafting Mecanim Animation Pack v4.0.1 (19 May 2025).unitypackage,https://assetstore.unity.com/packages/3d/animations/crafting-mecanim-animation-pack-36545
Creepy Animatronic Anims,Creepy Animatronic Anims,RamsterZ,3D/Animations,animation;horror,1.0,,11243331,True,,same-size-same-version-different-folder,False,3D/Animations/Creepy Animatronic Anims (v1.0).unitypackage,https://assetstore.unity.com/packages/3d/animations/creepy-animatronic-anims-257531
Creepy Animatronic Anims,Creepy Animatronic Anims,RamsterZ,3D/Animations,animation;horror,1.0,,11243331,False,,same-size-same-version-different-folder,False,3D/Animations/RamsterZ/Creepy Animatronic Anims v1.0.unitypackage,https://assetstore.unity.com/packages/3d/animations/creepy-animatronic-anims-257531
Cruel Sword Finisher Set,Cruel Sword Finisher Set,wemakethegame,3D/Animations,,1.31,,71655153,True,,,False,3D/Animations/Wemakethegame/Cruel Sword Finisher Set v1.31.unitypackage,https://assetstore.unity.com/packages/3d/animations/cruel-sword-finisher-set-186469
CUBE - Planet Hue Pack,CUBE - Planet Hue Pack (URP),Meshtint Studio,3D/Environments/Sci-Fi,low-poly;urp,1.1,,3727602,True,,,False,3D/CUBE - Planet Hue Pack (URP) v1.1.unitypackage,https://assetstore.unity.com/packages/3d/environments/sci-fi/cube-planet-hue-pack-109787
Curvy Splines 8,Curvy Splines 8,ToolBuddy,Tools/Utilities,editor-tool,8.11.0,,8931398,True,,,False,Tools/Curvy Splines 8 v8.11.0.unitypackage,https://assetstore.unity.com/packages/tools/utilities/curvy-splines-8-212532
Customizable Ghosts Pack,Customizable Ghosts Pack,Koi Pixel Studios,3D/Characters/Creatures,,1.1.0,,17752742,True,,,False,3D/Customizable Ghosts Pack v1.1.0.unitypackage,https://assetstore.unity.com/packages/3d/characters/creatures/customizable-ghosts-pack-263431
Customizable Survivors Pack,Customizable Survivors Pack,Ida Faber,3D/Characters/Humanoids/Humans,,2.0,,4080957047,True,,,False,Customizable Survivors Pack v2.0.unitypackage,https://assetstore.unity.com/packages/3d/characters/humanoids/humans/customizable-survivors-pack-202059
Cute UI & Interact Sound Effects Pack,Cute UI Interact Sound Effects Pack,SwishSwoosh,Audio/Sound FX,sfx;stylized;ui;vfx,2.1,,28576949,True,,,False,Audio/SwishSwoosh/Cute UI Interact Sound Effects Pack v2.1.unitypackage,https://assetstore.unity.com/packages/audio/sound-fx/cute-ui-interact-sound-effects-pack-239488
"Cyberpunk City (Cyberpunk, Cyberpunk City, Sci-Fi City)",Cyberpunk City Cyberpunk Cyberpunk City Sci-Fi City,Hivemind,3D/Environments/Sci-Fi,environment;sci-fi,1.0,,4586858631,True,,,False,3D/Cyberpunk City Cyberpunk Cyberpunk City Sci-Fi City v1.0.unitypackage,https://assetstore.unity.com/packages/3d/environments/sci-fi/cyberpunk-city-cyberpunk-cyberpunk-city-sci-fi-city-300193
Cyberpunk Gigapack ( Modular Environment/ Characters/ Vehicles/ Weapons ),Cyberpunk Gigapack (Modular Environment Characters Vehicles Weapons),Leartes Studios,3D/Environments/Sci-Fi,character;environment;prop;sci-fi;vehicle,1.0,,6079472841,True,,,False,3D/Cyberpunk Gigapack (Modular Environment Characters Vehicles Weapons) v1.0.unitypackage,https://assetstore.unity.com/packages/3d/environments/sci-fi/cyberpunk-gigapack-modular-environment-characters-vehicles-weapo-256798
Damage Numbers Pro,Damage Numbers Pro,Ekincan Tas,2D/GUI,,4.48,2025-06-07,7294130,True,,,False,2D/GUI/Damage Numbers Pro v4.48 (07 Jun 2025).unitypackage,https://assetstore.unity.com/packages/2d/gui/damage-numbers-pro-186447
Dark - Complete Horror UI,Dark - Complete Horror UI,Michsky,2D/GUI,horror;ui,2.1.8,,27641800,True,,,False,2D/GUI/Dark - Complete Horror UI v2.1.8.unitypackage,https://assetstore.unity.com/packages/2d/gui/dark-complete-horror-ui-200569
Dark Pixel UI,Dark Pixel UI,PONETI,2D/GUI/Icons,ui,1.0,,6087004,True,,,False,2D/GUI/Dark Pixel UI v1.0.unitypackage,https://assetstore.unity.com/packages/2d/gui/icons/dark-pixel-ui-246642
DarkSorceress AnimSet,DarkSorceress AnimSet,wemakethegame,3D/Animations,animation,1.0,,340070203,True,,,False,3D/Animations/Wemakethegame/DarkSorceress AnimSet v1.0.unitypackage,https://assetstore.unity.com/packages/3d/animations/darksorceress-animset-232632
DeepVoice AI - Text To Voice,DeepVoice AI - Text To Voice,AiKodex,Tools/Generative AI,ai-pathfinding;editor-tool,2.1.3,,22839368,True,,,False,Tools/DeepVoice AI - Text To Voice v2.1.3.unitypackage,https://assetstore.unity.com/packages/tools/generative-ai/deepvoice-ai-text-to-voice-251738
Demon Anims,Demon Anims,RamsterZ,3D/Animations,animation,1.0,,32145516,True,,,False,3D/Animations/RamsterZ/Demon Anims v1.0.unitypackage,https://assetstore.unity.com/packages/3d/animations/demon-anims-224304
Dialogue 2 | Game Creator 2,Dialogue 2 Game Creator 2 by Catsoft Works,Catsoft Works,Tools/GUI,editor-tool,2.5.15,2024-10-18,1977234,True,,,False,Tools/Game Creator/Dialogue 2 Game Creator 2 by Catsoft Works v2.5.15 (18 Oct 2024).unitypackage,https://assetstore.unity.com/packages/tools/gui/dialogue-2-game-creator-2-218635
Dialogue Anims,Dialogue Anims,RamsterZ,3D/Animations,animation,1.0,,16686364,True,,,False,3D/Animations/RamsterZ/Dialogue Anims v1.0.unitypackage,https://assetstore.unity.com/packages/3d/animations/dialogue-anims-222285
Dialogue System for Unity,Dialogue System for Unity,Pixel Crushers,Tools/Behavior AI,editor-tool;template,2.2.50.1,2024-11-22,33973576,True,,,False,Tools/Dialogue System for Unity v2.2.50.1 (22 Nov 2024).unitypackage,https://assetstore.unity.com/packages/tools/behavior-ai/dialogue-system-for-unity-11672
Digger PRO - Voxel enhanced terrains,Digger PRO - Voxel enhanced terrains,,Tools,editor-tool;terrain,7.2,2025-05-26,38968685,True,,,False,Tools/Digger PRO - Voxel enhanced terrains v7.2 (26 May 2025).unitypackage,
Dissonance For FMOD (Playback),Dissonance For FMOD Playback,Placeholder Software,Tools/Integration,editor-tool;networking,,,48733,False,suspicious,,False,Tools/Dissonance For FMOD Playback.unitypackage,https://assetstore.unity.com/packages/tools/integration/dissonance-for-fmod-playback-213415
Dissonance Voice Chat,Dissonance Voice Chat,Placeholder Software,Tools/Audio,editor-tool;networking,9.0.7,,27859683,True,,,False,Tools/Dissonance Voice Chat v9.0.7.unitypackage,https://assetstore.unity.com/packages/tools/audio/dissonance-voice-chat-70078
DLSS - Upscaling for Unity,DLSS - Upscaling for Unity,,Tools,editor-tool,1.4.3,2025-02-05,2763783,True,,,False,Tools/DLSS - Upscaling for Unity v1.4.3 (05 Feb 2025).unitypackage,
Dots Plus,Dots Plus,Lukas Chodosevicius,Tools/Utilities,editor-tool,1.8.1,2023-08-03,208467,True,,,False,Tools/Dots Plus v1.8.1 (03 Aug 2023).unitypackage,https://assetstore.unity.com/packages/tools/utilities/dots-plus-227492
DOTween Pro,DOTween Pro,Demigiant,Tools/Visual Scripting,editor-tool,1.0.380,2024-02-02,589780,True,,,False,Tools/DOTween Pro v1.0.380 (Feb 2 2024).unitypackage,https://assetstore.unity.com/packages/tools/visual-scripting/dotween-pro-32416
Double Sided Mesh without shaders - Modify Mesh Tool,Double Sided Mesh without shaders - Modify Mesh Tool,KAMGAM,Tools/Modeling,editor-tool;shader;vfx,1.0.2,,688178,True,,,False,VFX/Shaders/Double Sided Mesh without shaders - Modify Mesh Tool v1.0.2.unitypackage,https://assetstore.unity.com/packages/tools/modeling/double-sided-mesh-without-shaders-modify-mesh-tool-231044
Draw Call Optimizer - Just One Click,Draw Call Optimizer - Just One Click,Just Assets,Tools/Utilities,editor-tool,2.7.2,,24017896,True,,,False,Tools/Draw Call Optimizer - Just One Click v2.7.2.unitypackage,https://assetstore.unity.com/packages/tools/utilities/draw-call-optimizer-just-one-click-191806
DreamOS - Complete OS UI,DreamOS - Complete OS UI,,2D,ui,3.2.3,,58048191,True,,,False,2D/GUI/DreamOS - Complete OS UI v3.2.3.unitypackage,
Dual Blade + Fighter 2Assets Pack,Dual Blade Fighter 2Assets Pack,Grruzam,3D/Animations,,1.1,,239931835,True,,,False,3D/Animations/Grruzam/Dual Blade Fighter 2Assets Pack v1.1.unitypackage,https://assetstore.unity.com/packages/3d/animations/dual-blade-fighter-2assets-pack-228707
Dual Sword Animation Pack,Dual Sword Animation Pack,Studio9CG,3D/Animations,animation,1.0,,115520316,True,,,False,3D/Animations/Dual Sword Animation Pack v1.0.unitypackage,https://assetstore.unity.com/packages/3d/animations/dual-sword-animation-pack-271403
DunGen,DunGen,Aegon Games Ltd,Tools/Level Design,editor-tool,2.18.5,,7800456,True,,,False,Tools/DunGen v2.18.5.unitypackage,https://assetstore.unity.com/packages/tools/level-design/dungen-15682
Dynamic Archer Set,Dynamic Archer Set,wemakethegame,3D/Animations,,2.1,,227418216,True,,,False,3D/Animations/Wemakethegame/Dynamic Archer Set v2.1.unitypackage,https://assetstore.unity.com/packages/3d/animations/dynamic-archer-set-82218
Dynamic Bone,Dynamic Bone,Will Hong,Tools/Animation,editor-tool,1.3.4,,1681514,True,,,False,Tools/Dynamic Bone v1.3.4.unitypackage,https://assetstore.unity.com/packages/tools/animation/dynamic-bone-16743
Dynamic Fog & Mist 2,Dynamic Fog Mist 2,Kronnect,VFX/Shaders/Fullscreen & Camera Effects,editor-tool,9.1,,211637953,True,,,False,Tools/Dynamic Fog Mist 2 v9.1.unitypackage,https://assetstore.unity.com/packages/vfx/shaders/fullscreen-camera-effects/dynamic-fog-mist-2-48200
Dynamic Mesh Combiner,Dynamic Mesh Combiner,TeoGames,Tools/Utilities,editor-tool,1.29,,10266370,True,,,False,Tools/Dynamic Mesh Combiner v1.29.unitypackage,https://assetstore.unity.com/packages/tools/utilities/dynamic-mesh-combiner-249402
Easy Character Movement 2,Easy Character Movement 2,Oscar Gracián,Tools/Physics,character;editor-tool,1.4.2,2024-11-14,11157452,True,,,False,Tools/Easy Character Movement 2 v1.4.2 (14 Nov 2024).unitypackage,https://assetstore.unity.com/packages/tools/physics/easy-character-movement-2-193614
Easy Collider Editor,Easy Collider Editor,Pmurph03,Tools/Physics,editor-tool,6.18.7,2025-11-18,5484915,True,,,False,Tools/Easy Collider Editor v6.18.7 (18 Nov 2025).unitypackage,https://assetstore.unity.com/packages/tools/physics/easy-collider-editor-67880
Flying System,Easy Flying System,Woody's Games,Templates/Systems,editor-tool;template,2.0.2,2024-12-14,2904825,True,,,False,Tools/Easy Flying System v2.0.2 (14 Dec 2024).unitypackage,https://assetstore.unity.com/packages/templates/systems/flying-system-254446
Easy Save - The Complete Save Game & Data Serializer System,Easy Save - The Complete Save Game Data Serializer System,Moodkie,Tools/Utilities,editor-tool;template,3.5.27,,256989,True,,,False,Tools/Easy Save - The Complete Save Game Data Serializer System v3.5.27.unitypackage,https://assetstore.unity.com/packages/tools/utilities/easy-save-the-complete-save-game-data-serializer-system-768
Easy Save - The Complete Save Game & Data Serializer System,Easy Save - The Complete Save Game Data Serializer System,Moodkie,Tools/Utilities,editor-tool;template,3.5.22,2025-03-17,253936,False,,,False,Tools/Easy Save - The Complete Save Game Data Serializer System v3.5.22 (17 Mar 2025).unitypackage,https://assetstore.unity.com/packages/tools/utilities/easy-save-the-complete-save-game-data-serializer-system-768
EasyPerformanceMonitor - 2025,EasyPerformanceMonitor - 2025,,Tools,editor-tool,2025.1,2025-03-13,2525645,True,,,False,Tools/EasyPerformanceMonitor - 2025 v2025.1 (13 Mar 2025).unitypackage,
Edgar Pro - Procedural Level Generator,Edgar Pro - Procedural Level Generator,,Tools,editor-tool,2.0.11,2025-05-03,9856904,True,,,False,Tools/Edgar Pro - Procedural Level Generator v2.0.11 (03 May 2025).unitypackage,
Editor Animation Viewer,Editor Animation Viewer,TelePresent Games,Tools/Animation,animation;editor-tool,1.1.1,,3547142,True,,,False,3D/Animations/Editor Animation Viewer v1.1.1.unitypackage,https://assetstore.unity.com/packages/tools/animation/editor-animation-viewer-292289
Editor Console Pro,Editor Console Pro,FlyingWorm,Tools/Utilities,editor-tool,3.981,2026-01-14,1723116,True,,,False,Tools/Editor Console Pro v3.981 (14 Jan 2026).unitypackage,https://assetstore.unity.com/packages/tools/utilities/editor-console-pro-11889
Elemental Mesh FX,Elemental Mesh FX,,VFX,vfx,1.5,,6339293,True,,,False,VFX/Particles/Elemental Mesh FX v1.5.unitypackage,
Elemental Spells Full Pack VFX,Elemental Spells Full Pack VFX,PixPlays Studio,VFX/Particles/Spells,vfx,,,35277226,False,,,False,VFX/Particles/Elemental Spells Full Pack VFX.unitypackage,https://assetstore.unity.com/packages/vfx/particles/spells/elemental-spells-full-pack-vfx-297318
Environment Nature VFX Pack (WindControlled),Environment Nature VFX Pack (WindControlled),TheLazzyKnight,VFX/Particles/Environment,environment;vfx,1.0,,3957133,True,,,False,VFX/Particles/Environment Nature VFX Pack (WindControlled) v1.0.unitypackage,https://assetstore.unity.com/packages/vfx/particles/environment/environment-nature-vfx-pack-windcontrolled-236239
Environment Weather Nature VFX pack,Environment Weather Nature VFX pack,,VFX,environment;vfx,1.1.3,2025-09-26,4497098,True,,,False,VFX/Particles/Environment Weather Nature VFX pack v1.1.3 (26 Sep 2025).unitypackage,
Epic Toon FX,Epic Toon FX,,VFX,stylized;vfx,1.82,2024-07-23,80492085,True,,,False,VFX/Particles/Epic Toon FX v1.82 (23 Jul 2024).unitypackage,
Epic Toon VFX 2,Epic Toon VFX 2,Hovl Studio,VFX/Particles/Spells,stylized;vfx,2.0,2026-02-18,32124984,True,,,False,VFX/Particles/Epic Toon VFX 2 v2.0 (18 Feb 2026).unitypackage,https://assetstore.unity.com/packages/vfx/particles/spells/epic-toon-vfx-2-157651
Epic Toon VFX 3,Epic Toon VFX 3,Hovl Studio,VFX/Particles/Spells,stylized;vfx,1.0,,37721765,True,,,False,VFX/Particles/Epic Toon VFX 3 v1.0.unitypackage,https://assetstore.unity.com/packages/vfx/particles/spells/epic-toon-vfx-3-173759
Epic Toon VFX 4 - Fire and Water effects,Epic Toon VFX 4 - Fire and Water effects,Hovl Studio,VFX/Particles,stylized;vfx,2.0,,19612816,True,,,False,VFX/Particles/Epic Toon VFX 4 - Fire and Water effects v2.0.unitypackage,https://assetstore.unity.com/packages/vfx/particles/epic-toon-vfx-4-fire-and-water-effects-279952
Epic Toon FX,EpicToonFX,Archanor VFX,VFX/Particles,stylized;vfx,,,75583340,False,,,False,VFX/Particles/EpicToonFX.unitypackage,https://assetstore.unity.com/packages/vfx/particles/epic-toon-fx-57772
Everloop: Nonlinear Soundtrack,Everloop Nonlinear Soundtrack,Dustyroom,Audio/Music,music;sfx,1.9.0,,230533112,True,,,False,Audio/Everloop Nonlinear Soundtrack v1.9.0.unitypackage,https://assetstore.unity.com/packages/audio/music/everloop-nonlinear-soundtrack-45205
Exotic Cars Engine Sounds - RES Add-on,Exotic Cars Engine Sounds - RES Add-on,,Audio,sfx;template;vehicle,1.0,,67140927,True,,,False,Audio/Exotic Cars Engine Sounds - RES Add-on v1.0.unitypackage,
Exporter for Unreal to/for Unity 2025,Exporter for Unreal to for Unity 2025,Ciprian Stanciu,Tools/Utilities,editor-tool,1.51,2025-07-15,62792607,True,,,False,Tools/Exporter for Unreal to for Unity 2025 v1.51 (15 Jul 2025).unitypackage,https://assetstore.unity.com/packages/tools/utilities/exporter-for-unreal-to-for-unity-2025-295368
Eyes Animator,Eyes Animator,FImpossible Creations,3D/Animations,editor-tool,2.0.3,2024-12-17,6973573,True,,,False,Tools/Eyes Animator v2.0.3 (17 Dec 2024).unitypackage,https://assetstore.unity.com/packages/3d/animations/eyes-animator-137246
F Texture Tools,F Texture Tools,FImpossible Creations,Tools/Utilities,editor-tool,1.1.4,2025-05-09,6025594,True,,,False,Tools/F Texture Tools v1.1.4 (09 May 2025).unitypackage,https://assetstore.unity.com/packages/tools/utilities/f-texture-tools-274837
Factory Interior + Factory Props Vol 1 - BUNDLE,Factory Interior - Factory Props Vol 1 - BUNDLE,Cybernetic Walrus,3D/Props,environment;prop,1.0,,459546572,True,,,False,3D/Factory Interior - Factory Props Vol 1 - BUNDLE v1.0.unitypackage,https://assetstore.unity.com/packages/3d/props/factory-interior-factory-props-vol-1-bundle-229757
Falling Sand Game Template - Pixel Simulation,Falling Sand Game Template - Pixel Simulation,KAMGAM,Templates/Systems,template,1.1.1,2024-01-15,5928699,True,,,False,Templates/Falling Sand Game Template - Pixel Simulation v1.1.1 (15 Jan 2024).unitypackage,https://assetstore.unity.com/packages/templates/systems/falling-sand-game-template-pixel-simulation-267575
FANTASTIC - Battle Pack,FANTASTIC - Battle Pack,Tidal Flask Studios,3D/Environments,,1.0,,135836080,True,,,False,3D/FANTASTIC - Battle Pack v1.0.unitypackage,https://assetstore.unity.com/packages/3d/environments/fantastic-battle-pack-203140
Fantastic Cartoon VFX,Fantastic Cartoon VFX,Hovl Studio,VFX/Particles/Spells,stylized;vehicle;vfx,5.0.1,,15890122,True,,,False,VFX/Particles/Fantastic Cartoon VFX v5.0.1.unitypackage,https://assetstore.unity.com/packages/vfx/particles/spells/fantastic-cartoon-vfx-100604
FANTASTIC - Dungeon Pack,FANTASTIC - Dungeon Pack,Tidal Flask Studios,3D/Environments/Dungeons,environment,1.3.0,2025-12-12,776867049,True,,,False,3D/FANTASTIC - Dungeon Pack v1.3.0 (12 Dec 2025).unitypackage,https://assetstore.unity.com/packages/3d/environments/dungeons/fantastic-dungeon-pack-175606
FANTASTIC - Dungeon Pack,FANTASTIC - Dungeon Pack,Tidal Flask Studios,3D/Environments/Dungeons,environment,1.2,,389945608,False,,,False,3D/FANTASTIC - Dungeon Pack v1.2.unitypackage,https://assetstore.unity.com/packages/3d/environments/dungeons/fantastic-dungeon-pack-175606
FANTASTIC - Halloween Pack,FANTASTIC - Halloween Pack,Tidal Flask Studios,3D/Environments/Fantasy,,1.3,,56756666,True,,,False,3D/FANTASTIC - Halloween Pack v1.3.unitypackage,https://assetstore.unity.com/packages/3d/environments/fantasy/fantastic-halloween-pack-154321
FANTASTIC - Interior Pack,FANTASTIC - Interior Pack,Tidal Flask Studios,3D/Props/Interior,environment,1.2,,864692350,True,,,False,3D/FANTASTIC - Interior Pack v1.2.unitypackage,https://assetstore.unity.com/packages/3d/props/interior/fantastic-interior-pack-191632
FANTASTIC - Nature Pack,FANTASTIC - Nature Pack,Tidal Flask Studios,3D/Environments,environment,1.9,,468323089,True,,,False,3D/FANTASTIC - Nature Pack v1.9.unitypackage,https://assetstore.unity.com/packages/3d/environments/fantastic-nature-pack-150447
FANTASTIC - Village Pack,FANTASTIC - Village Pack,Tidal Flask Studios,3D/Environments/Fantasy,environment,2.1,,677459302,True,,,False,3D/FANTASTIC - Village Pack v2.1.unitypackage,https://assetstore.unity.com/packages/3d/environments/fantasy/fantastic-village-pack-152970
Fantasy - Low Poly 3D Models Pack,Fantasy - Low Poly 3D Models Pack,,3D,low-poly;medieval,2.1,,60450262,True,,,False,3D/Fantasy - Low Poly 3D Models Pack v2.1.unitypackage,
Fantasy Treasure Loot Kit,Fantasy Treasure Loot Kit,3DForge,3D/Environments/Fantasy,medieval;template,1.6,,156930976,True,,,False,3D/Fantasy Treasure Loot Kit v1.6.unitypackage,https://assetstore.unity.com/packages/3d/environments/fantasy/fantasy-treasure-loot-kit-9440
Fantasy Village Pack,Fantasy Village Pack,,3D,environment;medieval,1.3,,11448760,True,,,False,3D/Fantasy Village Pack v1.3.unitypackage,
Fantasy Warrior HUD - Synty INTERFACE - GUI,Fantasy Warrior HUD - Synty INTERFACE - GUI,Synty Studios,2D/GUI,medieval;ui,1.0.0,,233354609,True,,,False,2D/GUI/Fantasy Warrior HUD - Synty INTERFACE - GUI v1.0.0.unitypackage,https://assetstore.unity.com/packages/2d/gui/fantasy-warrior-hud-synty-interface-gui-292533
Farm Animal Sounds,Farm Animal Sounds,,,sfx,1.0,,60979512,True,,,False,Farm Animal Sounds v1.0.unitypackage,
Favorites Tab[s],Favorites Tabs,Flipbook Games,Tools/Utilities,editor-tool,,,100095,False,,,False,Tools/Favorites Tabs.unitypackage,https://assetstore.unity.com/packages/tools/utilities/favorites-tab-s-4237
Feel,Feel,More Mountains,Tools/Particles & Effects,editor-tool,6.0,,316587585,True,,,False,Tools/Feel v6.0.unitypackage,https://assetstore.unity.com/packages/tools/particles-effects/feel-183370
Female Anim Starter Pack,Female Anim Starter Pack,RamsterZ,3D/Animations,template,1.1,,29891626,True,,,False,3D/Animations/RamsterZ/Female Anim Starter Pack v1.1.unitypackage,https://assetstore.unity.com/packages/3d/animations/female-anim-starter-pack-231220
Female Mage Modular Pack 01 Cute Series,Female Mage Modular Pack 01 Cute Series,Meshtint Studio,3D/Characters/Humanoids/Fantasy,stylized,1.0,,24475427,True,,,False,3D/Female Mage Modular Pack 01 Cute Series v1.0.unitypackage,https://assetstore.unity.com/packages/3d/characters/humanoids/fantasy/female-mage-modular-pack-01-cute-series-174870
Fighter Pack,Fighter Pack,,3D,,1.41,,129275901,True,,,False,3D/Animations/Grruzam/Fighter Pack v1.41.unitypackage,
Figma Converter for Unity,Figma Converter for Unity,D.A. Assets Publisher,Tools/Utilities,editor-tool,5.7.2,2025-07-08,528955,True,,,False,Tools/Figma Converter for Unity v5.7.2 (08 Jul 2025).unitypackage,https://assetstore.unity.com/packages/tools/utilities/figma-converter-for-unity-198134
Final IK,Final IK,RootMotion,Tools/Animation,editor-tool,2.5,2026-04-11,50176819,True,,,False,Tools/Final IK v2.5 (11 Apr 2026).unitypackage,https://assetstore.unity.com/packages/tools/animation/final-ik-14290
Find It - Hidden Object Template,Find It - Hidden Object Template,Deskcat Studio,Templates/Systems,template,1.4.5,,234486008,True,,,False,Templates/Find It - Hidden Object Template v1.4.5.unitypackage,https://assetstore.unity.com/packages/templates/systems/find-it-hidden-object-template-234394
Find Reference 2,Find Reference 2,Vietlabs,Tools/Utilities,editor-tool,2.6.10,,204971,True,,,False,Tools/Find Reference 2 v2.6.10.unitypackage,https://assetstore.unity.com/packages/tools/utilities/find-reference-2-59092
Fire- Assets for VFX 03,Fire - Assets for VFX 03,SrRubfish,VFX,vfx,1.0,,235394852,True,,,False,VFX/Particles/Fire - Assets for VFX 03 v1.0.unitypackage,https://assetstore.unity.com/packages/vfx/fire-assets-for-vfx-03-251429
Flat Kit: Toon Shading and Water,Flat Kit Toon Shading and Water,Dustyroom,VFX/Shaders,shader;stylized;template;vfx,4.9.6,,161391785,True,,,False,VFX/Flat Kit Toon Shading and Water v4.9.6.unitypackage,https://assetstore.unity.com/packages/vfx/shaders/flat-kit-toon-shading-and-water-143368
Flat Kit Toon Shading and Water Unity2022[4.7.6],Flat Kit Toon Shading and Water Unity2022[4.7.6],,VFX,shader;stylized;template;vfx,,,158009528,False,,,False,VFX/Flat Kit Toon Shading and Water Unity2022[4.7.6].unitypackage,
Flexalon Pro 3D UI Layouts,Flexalon Pro 3D UI Layouts,,Tools,editor-tool;ui,,,14145172,False,,,False,Tools/Flexalon Pro 3D UI Layouts.unitypackage,
Flipbook VFX - URP,Flipbook VFX - URP,Vefects,VFX,urp;vfx,1.0.231,2025-07-25,49137721,True,,,False,VFX/Flipbook VFX - URP v1.0.231 (25 Jul 2025).unitypackage,https://assetstore.unity.com/packages/vfx/flipbook-vfx-urp-239875
FlowCanvas,FlowCanvas,Paradox Notion,Tools/Visual Scripting,editor-tool,3.4.2,,1152952,True,,,False,Tools/FlowCanvas v3.4.2.unitypackage,https://assetstore.unity.com/packages/tools/visual-scripting/flowcanvas-33903
Fluid Frenzy,Fluid Frenzy,,Tools,editor-tool,1.4.7,2026-05-14,310144811,True,,,False,Tools/Fluid Frenzy v1.4.7 (14 May 2026).unitypackage,
Flying Mage AnimSet,Flying Mage AnimSet,wemakethegame,3D/Animations,animation,1.21,,118573424,True,,,False,3D/Animations/Wemakethegame/Flying Mage AnimSet v1.21.unitypackage,https://assetstore.unity.com/packages/3d/animations/flying-mage-animset-77575
FMOD InstrumentalEventPlayback,FMOD InstrumentalEventPlayback,,Tools,editor-tool,,,4555,False,broken,,False,Tools/FMOD_InstrumentalEventPlayback.unitypackage,
FogVolume,FogVolume,,VFX,vfx,,,257294567,False,,,False,VFX/Shaders/FogVolume.unitypackage,
Forest Ruins Pack Cute Series,Forest Ruins Pack Cute Series,Meshtint Studio,3D/Environments/Fantasy,environment;stylized,1.2,,46819726,True,,,False,3D/Meshtint Studio/Forest Ruins Pack Cute Series v1.2.unitypackage,https://assetstore.unity.com/packages/3d/environments/fantasy/forest-ruins-pack-cute-series-182412
Formations Pack for Behavior Designer Pro,Formations Pack for Behavior Designer Pro,Opsive,Tools/Behavior AI,ai-pathfinding;editor-tool,2.0.1,2025-06-09,1627780,True,,,False,Tools/Formations Pack for Behavior Designer Pro v2.0.1 (09 Jun 2025).unitypackage,https://assetstore.unity.com/packages/tools/behavior-ai/formations-pack-for-behavior-designer-pro-317321
FPS Animation Framework,FPS Animation Framework,KINEMATION,Tools/Animation,animation;template,4.8.3,,5029579,True,,,False,3D/Animations/Kinemation/FPS Animation Framework v4.8.3.unitypackage,https://assetstore.unity.com/packages/tools/animation/fps-animation-framework-238641
FPS Animation Pro,FPS Animation Pro,KINEMATION,3D/Animations,animation,1.3.0,2025-02-24,407970422,True,,,False,3D/Animations/Kinemation/FPS Animation Pro v1.3.0 (24 Feb 2025).unitypackage,https://assetstore.unity.com/packages/3d/animations/fps-animation-pro-308611
FPS Engine,FPS Engine,Cowsins,Templates/Systems,editor-tool;template,1.3.5,2025-01-21,77849699,True,,,False,Tools/FPS Engine v1.3.5 (21 Jan 2025).unitypackage,https://assetstore.unity.com/packages/templates/systems/fps-engine-218594
FPS Framework 2.0,FPS Framework 2.0,Akila Studio,Templates/Systems,editor-tool;template,2.0.0,2025-04-11,103617949,True,,,False,Tools/FPS Framework 2.0 v2.0.0 (11 Apr 2025).unitypackage,https://assetstore.unity.com/packages/templates/systems/fps-framework-2-0-278978
Frank RPG Fighter,Frank RPG Fighter,Frank climax,3D/Animations,medieval,1.0,,248721122,True,,,False,Frank RPG Fighter v1.0.unitypackage,https://assetstore.unity.com/packages/3d/animations/frank-rpg-fighter-137306
FreesoundHub,FreesoundHub,NorthFall,Tools/Utilities,editor-tool;sfx,1.0,,4931437,True,,,False,Tools/FreesoundHub v1.0.unitypackage,https://assetstore.unity.com/packages/tools/utilities/freesoundhub-292093
Frozen GUI Pack,Frozen GUI Pack,ricimi,2D/GUI,ui,1.8.2,,925852530,True,,,False,2D/GUI/Frozen GUI Pack v1.8.2.unitypackage,https://assetstore.unity.com/packages/2d/gui/frozen-gui-pack-51624
Fruit Swipe Match 3 Kit,Fruit Swipe Match 3 Kit,gamevanilla,Templates/Systems,template,2.2.0,2024-01-01,152175796,True,,,False,Templates/Fruit Swipe Match 3 Kit v2.2.0 (01 Jan 2024).unitypackage,https://assetstore.unity.com/packages/templates/systems/fruit-swipe-match-3-kit-140660
FS Grappling Hook System,FS Grappling Hook System,Fantacode Studios,Tools/Game Toolkits,editor-tool;template,1.1.1,,45622076,True,,,False,Tools/FS Grappling Hook System v1.1.1.unitypackage,https://assetstore.unity.com/packages/tools/game-toolkits/fs-grappling-hook-system-293862
FS - Melee Combat System,FS - Melee Combat System,Fantacode Studios,Tools/Game Toolkits,editor-tool;template,1.5.1,2025-05-18,54185086,True,,,False,Tools/FS - Melee Combat System v1.5.1 (18 May 2025).unitypackage,https://assetstore.unity.com/packages/tools/game-toolkits/fs-melee-combat-system-262354
FS Parkour And Climbing AI,FS Parkour And Climbing AI,Fantacode Studios,Tools/Game Toolkits,ai-pathfinding;editor-tool,1.3,,19780558,True,,,False,Tools/FS Parkour And Climbing AI v1.3.unitypackage,https://assetstore.unity.com/packages/tools/game-toolkits/fs-parkour-and-climbing-ai-269625
FS Parkour And Climbing System,FS Parkour And Climbing System,Fantacode Studios,Tools/Game Toolkits,editor-tool;template,1.9.3,,34949765,True,,,False,Tools/FS Parkour And Climbing System v1.9.3.unitypackage,https://assetstore.unity.com/packages/tools/game-toolkits/fs-parkour-and-climbing-system-258182
FS Rope Swinging System,FS Rope Swinging System,Fantacode Studios,Tools/Game Toolkits,editor-tool;template,1.1,,46867603,True,,,False,Tools/FS Rope Swinging System v1.1.unitypackage,https://assetstore.unity.com/packages/tools/game-toolkits/fs-rope-swinging-system-294572
FSR 3 - Upscaling for Unity,FSR 3 - Upscaling for Unity,The Naked Dev,Tools/Utilities,editor-tool,1.7.6,,2883932,True,,,False,Tools/FSR 3 - Upscaling for Unity v1.7.6.unitypackage,https://assetstore.unity.com/packages/tools/utilities/fsr-3-upscaling-for-unity-252172
Full Mount Attacks,Full Mount Attacks,RamsterZ,3D/Animations,,1.0,,6264398,True,,,False,3D/Animations/RamsterZ/Full Mount Attacks v1.0.unitypackage,https://assetstore.unity.com/packages/3d/animations/full-mount-attacks-227372
Fullscreen Editor,Fullscreen Editor,Muka Schultze,Tools/Utilities,editor-tool,2.2.9,2025-05-14,3639453,True,,,False,Tools/Fullscreen Editor v2.2.9 (14 May 2025).unitypackage,https://assetstore.unity.com/packages/tools/utilities/fullscreen-editor-69534
Funny Characters - Animated Low Poly 3D Models,Funny Characters - Animated Low Poly 3D Models,,3D,character;low-poly,2.1,,34739209,True,,,False,3D/Funny Characters - Animated Low Poly 3D Models v2.1.unitypackage,
Casual Furniture - Low Poly 3D Models Pack,Furniture Casual - Low Poly 3D Models Pack,ithappy,3D/Props/Furniture,low-poly;prop,2.0,,28478675,True,,,False,3D/Furniture Casual - Low Poly 3D Models Pack v2.0.unitypackage,https://assetstore.unity.com/packages/3d/props/furniture/casual-furniture-low-poly-3d-models-pack-212201
Cute Furniture - Low Poly 3D Models Pack,Furniture Cute - Low Poly 3D Models Pack,ithappy,3D/Props/Furniture,low-poly;prop;stylized,1.1,2025-05-14,164106661,True,,,False,3D/Meshtint Studio/Furniture Cute - Low Poly 3D Models Pack v1.1 (14 May 2025).unitypackage,https://assetstore.unity.com/packages/3d/props/furniture/cute-furniture-low-poly-3d-models-pack-302447
Game Creator 2,Game Creator 2,Catsoft Works,Tools/Game Toolkits,editor-tool,2.17.51,2024-10-18,30354464,True,,,False,Tools/Game Creator/Game Creator 2 v2.17.51 (18 Oct 2024).unitypackage,https://assetstore.unity.com/packages/tools/game-toolkits/game-creator-2-203069
Game Kit Controller,Game Kit Controller,,Tools,editor-tool;template,3.76,,574040195,True,,,False,Tools/Game Kit Controller v3.76.unitypackage,
Ghost Creature Anims,Ghost Creature Anims,RamsterZ,3D/Animations,animation;character,1.2,,33978208,True,,,False,3D/Animations/RamsterZ/Ghost Creature Anims v1.2.unitypackage,https://assetstore.unity.com/packages/3d/animations/ghost-creature-anims-217086
Giant Golem AnimSet,Giant Golem AnimSet,wemakethegame,3D/Animations,animation,1.42,2024-11-15,12404510,True,,,False,3D/Animations/Wemakethegame/Giant Golem AnimSet v1.42 (15 Nov 2024).unitypackage,https://assetstore.unity.com/packages/3d/animations/giant-golem-animset-176573
Girl GreatSword AnimSet,Girl GreatSword AnimSet,wemakethegame,3D/Animations,animation,1.0,,343220260,True,,,False,3D/Animations/Wemakethegame/Girl GreatSword AnimSet v1.0.unitypackage,https://assetstore.unity.com/packages/3d/animations/girl-greatsword-animset-187912
Glowing orbs pack,Glowing orbs pack,Hovl Studio,VFX/Particles/Spells,vfx,,,5064107,False,,,False,VFX/Particles/Glowing orbs pack.unitypackage,https://assetstore.unity.com/packages/vfx/particles/spells/glowing-orbs-pack-87648
Glowing orbs pack Vol 3,Glowing orbs pack Vol 3,Hovl Studio,VFX/Particles/Spells,vfx,1.0,,12281641,True,,,False,VFX/Particles/Glowing orbs pack Vol 3 v1.0.unitypackage,https://assetstore.unity.com/packages/vfx/particles/spells/glowing-orbs-pack-vol-3-153187
Goblin Sword Shield AnimSet,Goblin Sword Shield AnimSet,wemakethegame,3D/Animations,animation,1.3,,220654383,True,,,False,3D/Animations/Wemakethegame/Goblin Sword Shield AnimSet v1.3.unitypackage,https://assetstore.unity.com/packages/3d/animations/goblin-sword-shield-animset-198207
Goblin Warrior AnimSet,Goblin Warrior AnimSet,wemakethegame,3D/Animations,animation,1.1,,121659855,True,,,False,3D/Animations/Wemakethegame/Goblin Warrior AnimSet v1.1.unitypackage,https://assetstore.unity.com/packages/3d/animations/goblin-warrior-animset-180015
GPU Instancer,GPU Instancer,GurBu Technologies,Tools/Utilities,editor-tool,1.8.4,,157020861,True,,,False,Tools/GPU Instancer v1.8.4.unitypackage,https://assetstore.unity.com/packages/tools/utilities/gpu-instancer-117566
GPU Instancer - Crowd Animations,GPU Instancer - Crowd Animations,GurBu Technologies,Tools/Animation,animation,1.1.7,,134668471,True,,,False,3D/Animations/GPU Instancer - Crowd Animations v1.1.7.unitypackage,https://assetstore.unity.com/packages/tools/animation/gpu-instancer-crowd-animations-145114
GPU Instancer Pro,GPU Instancer Pro,GurBu Technologies,Tools/Utilities,editor-tool,0.9.18,,14403566,True,,,False,Tools/GPU Instancer Pro v0.9.18.unitypackage,https://assetstore.unity.com/packages/tools/utilities/gpu-instancer-pro-290293
Grasslands - Stylized Nature,Grasslands - Stylized Nature,Raygeas,3D/Environments/Fantasy,environment;stylized,1.0,,861522243,True,,,False,3D/Grasslands - Stylized Nature v1.0.unitypackage,https://assetstore.unity.com/packages/3d/environments/fantasy/grasslands-stylized-nature-287353
Great DualBlade AnimSet,Great DualBlade AnimSet,wemakethegame,3D/Animations,animation,1.31,,165459633,True,,,False,3D/Animations/Wemakethegame/Great DualBlade AnimSet v1.31.unitypackage,https://assetstore.unity.com/packages/3d/animations/great-dualblade-animset-198205
Gruesome Zombie AnimSet,Gruesome Zombie Anim Set,wemakethegame,3D/Animations,character,1.2,,135564805,True,,,False,3D/Animations/Wemakethegame/Gruesome Zombie Anim Set v1.2.unitypackage,https://assetstore.unity.com/packages/3d/animations/gruesome-zombie-animset-177555
GSpawn - Level Designer,GSpawn - Level Designer,Octamodius,Tools/Level Design,editor-tool,3.4.0,,1312326,True,,,False,Tools/GSpawn - Level Designer (PRO) v3.4.0.unitypackage,https://assetstore.unity.com/packages/tools/level-design/gspawn-level-designer-45021
GUI - Casual Fantasy,GUI - Casual Fantasy,LAYERLAB,2D/GUI,medieval;ui,2.0.3,2024-11-28,22064165,True,,,False,2D/GUI/GUI - Casual Fantasy v2.0.3 (28 Nov 2024).unitypackage,https://assetstore.unity.com/packages/2d/gui/gui-casual-fantasy-265651
GUI - DarkStone,GUI - DarkStone,LAYERLAB,2D/GUI,ui,1.1.1,,64802477,True,,,False,2D/GUI/GUI - DarkStone v1.1.1.unitypackage,https://assetstore.unity.com/packages/2d/gui/gui-darkstone-18225
GUI Pro - Casual Game,GUI Pro - Casual Game,LAYERLAB,2D/GUI,ui,4.1.1,2025-05-07,140803566,True,,,False,2D/GUI/GUI Pro - Casual Game v4.1.1 (07 May 2025).unitypackage,https://assetstore.unity.com/packages/2d/gui/gui-pro-casual-game-176695
GUI Pro - Fantasy RPG,GUI Pro - Fantasy RPG,LAYERLAB,2D/GUI,medieval;ui,4.0.1,2024-11-27,161697933,True,,,False,2D/GUI/GUI Pro - Fantasy RPG v4.0.1 (27 Nov 2024).unitypackage,https://assetstore.unity.com/packages/2d/gui/gui-pro-fantasy-rpg-170168
GUI Pro - Simple Casual,GUI Pro - Simple Casual,LAYERLAB,2D/GUI,ui,1.0.7,2024-11-27,94512116,True,,,False,2D/GUI/GUI Pro - Simple Casual v1.0.7 (27 Nov 2024).unitypackage,https://assetstore.unity.com/packages/2d/gui/gui-pro-simple-casual-203399
GUI Pro - Simple Casual,GUI Pro - Simple Casual,LAYERLAB,2D/GUI,ui,1.0.7,2024-11-27,259287757,True,,,False,2D/GUI/GUI Pro - Simple Casual (PSD) v1.0.7 (27 Nov 2024).unitypackage,https://assetstore.unity.com/packages/2d/gui/gui-pro-simple-casual-203399
GUI Pro - Super Casual,GUI Pro - Super Casual,LAYERLAB,2D/GUI,ui,1.0,,93690639,True,,,False,2D/GUI/GUI Pro - Super Casual v1.0.unitypackage,https://assetstore.unity.com/packages/2d/gui/gui-pro-super-casual-278534
GUI Pro - Survival Clean,GUI Pro - Survival Clean,LAYERLAB,2D/GUI,ui,2.0.6,2025-06-17,198183895,True,,,False,2D/GUI/GUI Pro - Survival Clean v2.0.6 (17 Jun 2025).unitypackage,https://assetstore.unity.com/packages/2d/gui/gui-pro-survival-clean-194741
GUI - Simple Round,GUI - Simple Round,LAYERLAB,2D/GUI,ui,1.2.2,2025-03-07,132593500,True,,,False,2D/GUI/GUI - Simple Round v1.2.2 (07 Mar 2025).unitypackage,https://assetstore.unity.com/packages/2d/gui/gui-simple-round-19031
GUI - Simple Round,GUI - Simple Round,LAYERLAB,2D/GUI,ui,1.2.2,2025-03-07,132411492,False,,,False,2D/GUI/GUI - Simple Round v1.2.2 (07 Mar 2025).zip,https://assetstore.unity.com/packages/2d/gui/gui-simple-round-19031
GUI - The Stone,GUI - The Stone,LAYERLAB,2D/GUI,ui,2.3.0,2025-02-27,56786201,True,,,False,2D/GUI/GUI - The Stone v2.3.0 (27 Feb 2025).unitypackage,https://assetstore.unity.com/packages/2d/gui/gui-the-stone-116852
GUI - Yellow Kid,GUI - Yellow Kid,LAYERLAB,2D/GUI,ui,2.1.1,2024-11-27,119393345,True,,,False,2D/GUI/GUI - Yellow Kid v2.1.1 (27 Nov 2024).unitypackage,https://assetstore.unity.com/packages/2d/gui/gui-yellow-kid-177697
HABITS Extended Calendar Module for COZY 2,HABITS Extended Calendar Module for COZY 2,,Tools,editor-tool,1.0,,2182172,True,,,False,Tools/HABITS Extended Calendar Module for COZY 2 v1.0.unitypackage,
Hammer Warrior Mecanim Animation Pack,Hammer Warrior Mecanim Animation Pack,Explosive,3D/Animations,animation,2.1.1,,6486973,True,,,False,3D/Animations/Hammer Warrior Mecanim Animation Pack v2.1.1.unitypackage,https://assetstore.unity.com/packages/3d/animations/hammer-warrior-mecanim-animation-pack-46860
Hand Painted Chests & Treasure,Hand Painted Chests Treasure,David Marquardt Studios AB,3D/Props,prop,1.0,,15005641,True,,,False,Hand Painted Chests Treasure v1.0.unitypackage,https://assetstore.unity.com/packages/3d/props/hand-painted-chests-treasure-169030
Hand to Hand Set,Hand to Hand Set,RamsterZ,3D/Animations,,1.0,,14843754,True,,,False,3D/Animations/RamsterZ/Hand to Hand Set v1.0.unitypackage,https://assetstore.unity.com/packages/3d/animations/hand-to-hand-set-227377
Medieval Fantasy Ruins - Dark Forest Environment,HDRPBuilt-inURP Medieval Fantasy Ruins - Dark Forest Environment,ScansFactory,3D/Environments/Fantasy,environment;hdrp;medieval;urp,,,4025364359,False,,,False,HDRPBuilt-inURP Medieval Fantasy Ruins - Dark Forest Environment.unitypackage,https://assetstore.unity.com/packages/3d/environments/fantasy/medieval-fantasy-ruins-dark-forest-environment-258405
Heat - Complete Modern UI,Heat - Complete Modern UI,Michsky,2D/GUI,ui,1.1.7,,57536411,True,,,False,2D/GUI/Heat - Complete Modern UI v1.1.7.unitypackage,https://assetstore.unity.com/packages/2d/gui/heat-complete-modern-ui-264857
Heavy Lancer Set,Heavy Lancer Set,,,,1.0,,490986457,True,,,False,Heavy Lancer Set v1.0.unitypackage,
Heavy Sword Animation,Heavy Sword Animation,,3D,animation,1.8,,138941983,True,,,False,3D/Animations/Heavy Sword Animation v1.8.unitypackage,
Helmets Pack Cute Series,Helmets Pack Cute Series,Meshtint Studio,3D/Props/Clothing/Armor,stylized;urp,1.0,,7718732,True,,,False,3D/Meshtint Studio/Helmets Pack Cute Series v1.0 (URP version).unitypackage,https://assetstore.unity.com/packages/3d/props/clothing/armor/helmets-pack-cute-series-213171
Hero Character Voices: Warrior Voice Pack,Hero Character Voices Warrior Voice Pack,Cyberwave Orchestra,Audio/Sound FX/Voices,character;sfx,1.0,,16846486,True,,,False,Audio/Hero Character Voices Warrior Voice Pack v1.0.unitypackage,https://assetstore.unity.com/packages/audio/sound-fx/voices/hero-character-voices-warrior-voice-pack-213900
Hex - Complete Stylish UI,Hex - Complete Stylish UI,Michsky,2D/GUI,ui,1.0.0,2024-12-18,34000731,True,,,False,2D/GUI/Hex - Complete Stylish UI v1.0.0 (18 Dec 2024).unitypackage,https://assetstore.unity.com/packages/2d/gui/hex-complete-stylish-ui-252331
HIGHLANDS - Stylized Environment,HIGHLANDS - Stylized Environment,Raygeas,3D/Environments/Fantasy,environment;stylized,1.0.2,,501791180,True,,,False,3D/HIGHLANDS - Stylized Environment v1.0.2.unitypackage,https://assetstore.unity.com/packages/3d/environments/fantasy/highlands-stylized-environment-255775
Highlight Plus 2 - All in One Outline Selection Effects,Highlight Plus 2 - All in One Outline Selection Effects,,Tools,editor-tool;lighting;vfx,30.0.1,,19482716,True,,,False,Tools/Highlight Plus 2 - All in One Outline Selection Effects v30.0.1.unitypackage,
Highlight Plus - All in One Outline & Selection Effects,Highlight Plus - All in One Outline Selection Effects,Kronnect,VFX/Shaders,editor-tool;lighting;vfx,22.1.2,2025-05-12,19373031,True,,,False,Tools/Highlight Plus - All in One Outline Selection Effects v22.1.2 (12 May 2025).unitypackage,https://assetstore.unity.com/packages/vfx/shaders/highlight-plus-all-in-one-outline-selection-effects-134149
"Hit Me: Ballistics, Animated Projectiles, Targeting",Hit Me Ballistics Animated Projectiles Targeting,KAMGAM,Tools/Physics,,1.2.0,2024-09-11,2105296,True,,,False,3D/Animations/Hit Me Ballistics Animated Projectiles Targeting v1.2.0 (11 Sep 2024).unitypackage,https://assetstore.unity.com/packages/tools/physics/hit-me-ballistics-animated-projectiles-targeting-258386
Horror Bundle - Sound Effects,Horror Bundle - Sound Effects,AD Sounds,Audio/Sound FX,horror;sfx;vfx,2.0,,1529501722,True,,,False,Audio/Horror Bundle - Sound Effects v2.0.unitypackage,https://assetstore.unity.com/packages/audio/sound-fx/horror-bundle-sound-effects-231304
"Horror Grunge Dark GUI / UI kit - over 1500 PNG, editable sources!",Horror Grunge Dark GUI UI kit - over 1500 PNG editable sources,HONETi,2D/GUI,horror;template;ui,1.1,,1057506301,True,,,False,2D/GUI/Horror Grunge Dark GUI UI kit - over 1500 PNG editable sources v1.1.unitypackage,https://assetstore.unity.com/packages/2d/gui/horror-grunge-dark-gui-ui-kit-over-1500-png-editable-sources-200602
Horror Low Poly Pack,Horror Low Poly Pack,,3D,horror;low-poly,1.0,,1418466,True,,,False,3D/Horror Low Poly Pack v1.0.zip,
HORROR SYSTEM,HORROR SYSTEM,VEXKAN,Templates/Packs,horror;template,,,1266688802,False,,,False,HORROR SYSTEM.unitypackage,https://assetstore.unity.com/packages/templates/packs/horror-system-212009
Horse Animset Pro (Riding System),Horse Animset Pro Riding System,MalberS Animations,3D/Characters/Animals,animation;template,4.4.8b,2025-01-23,313175481,True,,,False,3D/Animations/Horse Animset Pro Riding System v4.4.8b (23 Jan 2025).unitypackage,https://assetstore.unity.com/packages/3d/characters/animals/horse-animset-pro-riding-system-79902
Hospital 1,Hospital 1,,3D,,1.1,,34150501,True,,,False,3D/Hospital 1 v1.1.unitypackage,
Hot Reload | Edit Code Without Compiling,Hot Reload Edit Code Without Compiling,The Naughty Cult,Tools/Utilities,editor-tool,1.13.0,,3281224,True,,,False,Tools/Hot Reload Edit Code Without Compiling v1.13.0.unitypackage,https://assetstore.unity.com/packages/tools/utilities/hot-reload-edit-code-without-compiling-254358
House Props & Furniture Vol. 2,House Props Furniture Vol 2,Finward Studios,3D/Props/Interior,prop,1.2.0,,2096360622,True,,,False,3D/House Props Furniture Vol 2 v1.2.0.unitypackage,https://assetstore.unity.com/packages/3d/props/interior/house-props-furniture-vol-2-265523
I2 Localization f6,I2 Localization f6,,Tools,editor-tool,2.8.22,,2013355,True,,,False,Tools/I2 Localization v2.8.22 f6.unitypackage,
Icons Manager,Icons Manager,FImpossible Creations,Tools/GUI,editor-tool;ui,1.0,,8014179,True,,,False,Tools/Icons Manager v1.0.unitypackage,https://assetstore.unity.com/packages/tools/gui/icons-manager-122250
Init(args),Initargs,Sisus,Tools/Utilities,editor-tool,1.5.8,,1825668,True,,,False,Tools/Initargs v1.5.8.unitypackage,https://assetstore.unity.com/packages/tools/utilities/init-args-200530
Insane AirComboSet,Insane AirComboSet,,3D,,1.1,,581981711,True,,same-size-same-version-different-folder,False,3D/Animations/Wemakethegame/Insane AirComboSet v1.1.unitypackage,
Insane AirComboSet,Insane AirComboSet,,3D,,1.1,,581981711,False,,same-size-same-version-different-folder,False,Insane AirComboSet v1.1.unitypackage,
Insane Spear-Shield Anim Set,Insane Spear-Shield Anim Set,wemakethegame,3D/Animations,,1.21,,257825414,True,,,False,3D/Animations/Wemakethegame/Insane Spear-Shield Anim Set v1.21.unitypackage,https://assetstore.unity.com/packages/3d/animations/insane-spear-shield-anim-set-187411
InsanePistolAction AnimSet,InsanePistolAction AnimSet,wemakethegame,3D/Animations,animation,1.0,,170804233,True,,,False,3D/Animations/Wemakethegame/InsanePistolAction AnimSet v1.0.unitypackage,https://assetstore.unity.com/packages/3d/animations/insanepistolaction-animset-206729
Interactive Dissolve Effects 2.0,Interactive Dissolve Effects 2.0,,VFX,vfx,,,329948222,False,,,False,VFX/Shaders/Interactive_Dissolve_Effects_2.0.unitypackage,
Interface and Collectible Sounds - Lite Edition 2 v2,Interface and Collectible Sounds - Lite Edition 2 v2,,,sfx;ui,,,32717292,False,,,False,Interface and Collectible Sounds - Lite Edition 2 v2.unitypackage,
INTERFACE - Apocalypse HUD - UI,INTERFACE - Apocalypse HUD - UI,,2D,ui,1.0.1,,160600224,True,,,False,2D/GUI/INTERFACE - Apocalypse HUD - UI v1.0.1.unitypackage,
Interior 2 - Low Poly 3D Models Pack,Interior 2 - Low Poly Asset Pack by ithappy,ithappy,3D/Props/Interior,environment;low-poly,1.1,,29918552,True,,,False,3D/Interior 2 - Low Poly Asset Pack by ithappy v1.1.unitypackage,https://assetstore.unity.com/packages/3d/props/interior/interior-2-low-poly-3d-models-pack-202969
Interior Room Assets Mega Pack,Interior Room Assets Mega Pack,Serhat's Marketplace,3D/Props/Interior,environment,1.0,,7130479,True,,,False,3D/Interior Room Assets Mega Pack v1.0.unitypackage,https://assetstore.unity.com/packages/3d/props/interior/interior-room-assets-mega-pack-262873
Inventory 2 | Game Creator 2,Inventory 2 Game Creator 2 by Catsoft Works,Catsoft Works,Tools/Utilities,editor-tool,2.8.19,2024-10-18,19514503,True,,,False,Tools/Game Creator/Inventory 2 Game Creator 2 by Catsoft Works v2.8.19 (18 Oct 2024).unitypackage,https://assetstore.unity.com/packages/tools/utilities/inventory-2-game-creator-2-208668
iStep,iStep,Hoax Games,Tools/Animation,editor-tool,,,371224741,False,,,False,Tools/iStep.unitypackage,https://assetstore.unity.com/packages/tools/animation/istep-215843
Japanese School Classroom,Japanese School Classroom,SbbUtutuya,3D/Environments,,2.0,,253041833,True,,,False,3D/Japanese School Classroom v2.0.unitypackage,https://assetstore.unity.com/packages/3d/environments/japanese-school-classroom-18392
JeetKuneDo animset,JeetKuneDo animset,wemakethegame,3D/Animations,animation,1.0,,95535121,True,,,False,3D/Animations/Wemakethegame/JeetKuneDo animset v1.0.unitypackage,https://assetstore.unity.com/packages/3d/animations/jeetkunedo-animset-184431
Jelly Merge | Template + Editor,Jelly Merge Template Editor,Watermelon Games,Templates/Packs,editor-tool;template,1.3.2,,10585286,True,,,False,Templates/Jelly Merge Template Editor v1.3.2.unitypackage,https://assetstore.unity.com/packages/templates/packs/jelly-merge-template-editor-151733
JU TPS 3 - Third Person Shooter GameKit + Vehicle Physics,JU TPS 3 - Third Person Shooter GameKit Vehicle Physics,Julhiecio GameDev,Templates/Systems,template;vehicle,3.0.52,,129469792,True,,,False,JU TPS 3 - Third Person Shooter GameKit Vehicle Physics v3.0.52.unitypackage,https://assetstore.unity.com/packages/templates/systems/ju-tps-3-third-person-shooter-gamekit-vehicle-physics-251334
Junkyard - Low Poly 3D Models Pack,Junkyard - Low Poly 3D Models Pack,ithappy,3D/Environments/Industrial,low-poly,1.0,,20890436,True,,,False,3D/Junkyard - Low Poly 3D Models Pack v1.0.unitypackage,https://assetstore.unity.com/packages/3d/environments/industrial/junkyard-low-poly-3d-models-pack-256375
Katana Sword Animation Pack,Katana Sword Animation Pack,Studio9CG,3D/Animations,animation,1.0.2,2023-08-16,150519115,True,,,False,3D/Animations/Katana Sword Animation Pack v1.0.2 (16 Aug 2023).unitypackage,https://assetstore.unity.com/packages/3d/animations/katana-sword-animation-pack-257235
KayKit - Adventurers Character Pack (for Unity),KayKit - Adventurers Character Pack for Unity,Kay Lousberg,3D/Characters/Humanoids/Humans,character;template,2.0.1,2025-11-05,33179983,True,,,False,3D/KayKit - Adventurers Character Pack for Unity v2.0.1 (05 Nov 2025).unitypackage,https://assetstore.unity.com/packages/3d/characters/humanoids/humans/kaykit-adventurers-character-pack-for-unity-290679
KayKit - Dungeon Remastered Pack (for Unity),KayKit - Dungeon Remastered Pack (for Unity),Kay Lousberg,3D/Environments/Dungeons,environment;template,1.0.1,2025-11-05,16483490,True,,,False,3D/KayKit - Dungeon Remastered Pack (for Unity) v1.0.1 (05 Nov 2025).unitypackage,https://assetstore.unity.com/packages/3d/environments/dungeons/kaykit-dungeon-remastered-pack-for-unity-290676
KayKit - Restaurant Bits (for Unity),KayKit - Restaurant Bits for Unity,Kay Lousberg,3D/Props/Food,template,1.0.1,2025-11-05,14023231,True,,,False,3D/KayKit - Restaurant Bits for Unity v1.0.1 (05 Nov 2025).unitypackage,https://assetstore.unity.com/packages/3d/props/food/kaykit-restaurant-bits-for-unity-282790
Kenney Game Assets All-in-1,Kenney Game Assets All-in-1,,,,,,466532199,False,,,True,Kenney Game Assets All-in-1.zip,
Knife MocapAnimPack,Knife MocapAnimPack,,3D,animation,1.1,,35105460,True,,,False,3D/Animations/Mocap Online/Knife_MocapAnimPack v1.1.unitypackage,
★ KOWLOON WALLED CITY ★ Asian Apartments | Modular Pack,KOWLOON WALLED CITY - Asian Apartments Modular Pack,TRACY AVENUE & CO.,3D/Environments,environment,1.2,,6241228421,True,,,False,3D/KOWLOON WALLED CITY - Asian Apartments Modular Pack v1.2.unitypackage,https://assetstore.unity.com/packages/3d/environments/kowloon-walled-city-asian-apartments-modular-pack-206812
Lattice Modifier for Unity,Lattice Modifier for Unity,Harry Heath,Tools/Animation,editor-tool,1.4.0,,130395060,True,,,False,Tools/Lattice Modifier for Unity v1.4.0.unitypackage,https://assetstore.unity.com/packages/tools/animation/lattice-modifier-for-unity-293850
Lattice Modifier for Unity,Lattice Modifier for Unity,Harry Heath,Tools/Animation,editor-tool,1.3.1,2025-10-29,113037810,False,,,False,Tools/Lattice Modifier for Unity v1.3.1 (29 Oct 2025).unitypackage,https://assetstore.unity.com/packages/tools/animation/lattice-modifier-for-unity-293850
LayerLab,LayerLab,,,,,,249555295,False,,,False,LayerLab.unitypackage,
Leaning Animator,Leaning Animator,FImpossible Creations,Tools/Animation,editor-tool,1.0.3.1,2025-03-31,2804690,True,,,False,Tools/Leaning Animator v1.0.3.1 (31 Mar 2025).unitypackage,https://assetstore.unity.com/packages/tools/animation/leaning-animator-198472
Legs Animator,Legs Animator,FImpossible Creations,Tools/Animation,editor-tool,1.0.4.4,2025-05-22,15038256,True,,,False,Tools/Legs Animator v1.0.4.4 (22 May 2025).unitypackage,https://assetstore.unity.com/packages/tools/animation/legs-animator-154245
Linework: Outlines and Edge Detection,Linework Outlines and Edge Detection,Alexander Ameye,VFX/Shaders,editor-tool,1.4.12,2025-07-30,317451,True,,,False,Tools/Linework Outlines and Edge Detection v1.4.12 (30 Jul 2025).unitypackage,https://assetstore.unity.com/packages/vfx/shaders/linework-outlines-and-edge-detection-294140
Liquid Volume Pro 2,Liquid Volume Pro 2,Kronnect,VFX/Shaders,editor-tool,10.2,,385224571,True,,,False,Tools/Liquid Volume Pro 2 v10.2.unitypackage,https://assetstore.unity.com/packages/vfx/shaders/liquid-volume-pro-2-129967
Location 3 Winter - Low Poly 3D Models Pack,Location 3 Winter - Low Poly 3D Models Pack,,3D,low-poly,2.1,2025-05-29,24217116,True,,,False,3D/Location 3 Winter - Low Poly 3D Models Pack v2.1 (29 May 2025).unitypackage,
Look Animator,Look Animator,FImpossible Creations,Tools/Animation,editor-tool,2.0.1.8,2025-07-04,11925438,True,,,False,Tools/Look Animator v2.0.1.8 (04 Jul 2025).unitypackage,https://assetstore.unity.com/packages/tools/animation/look-animator-122249
Loot Anim Set,Loot Anim Set,RamsterZ,3D/Animations,,1.0,,15733237,True,,,False,3D/Animations/RamsterZ/Loot Anim Set v1.0.unitypackage,https://assetstore.unity.com/packages/3d/animations/loot-anim-set-218716
Low Poly Animated Animals,Low Poly Animated Animals,polyperfect,3D/Characters/Animals,low-poly,3.15,,164479316,True,,,False,3D/Low Poly Animated Animals v3.15.unitypackage,https://assetstore.unity.com/packages/3d/characters/animals/low-poly-animated-animals-93089
Low Poly Animated Dinosaurs,Low Poly Animated Dinosaurs,polyperfect,3D/Characters/Animals,low-poly,2.0,2025-04-28,36968009,True,,,False,3D/Low Poly Animated Dinosaurs v2.0 (28 Apr 2025).unitypackage,https://assetstore.unity.com/packages/3d/characters/animals/low-poly-animated-dinosaurs-110313
Low Poly Animated Fantasy Creatures,Low Poly Animated Fantasy Creatures,polyperfect,3D/Animations,character;low-poly;medieval,1.5,2024-12-14,165847416,True,,,False,3D/Low Poly Animated Fantasy Creatures v1.5 (14 Dec 2024).unitypackage,https://assetstore.unity.com/packages/3d/animations/low-poly-animated-fantasy-creatures-292803
Low Poly Animated People,Low Poly Animated People,polyperfect,3D/Characters/Humanoids,low-poly,2.6,,46353486,True,,,False,3D/Low Poly Animated People v2.6.unitypackage,https://assetstore.unity.com/packages/3d/characters/humanoids/low-poly-animated-people-156748
Low Poly Animated Prehistoric Animals,Low Poly Animated Prehistoric Animals,polyperfect,3D/Characters/Animals,low-poly,1.3,,29658407,True,,,False,3D/Low Poly Animated Prehistoric Animals v1.3.unitypackage,https://assetstore.unity.com/packages/3d/characters/animals/low-poly-animated-prehistoric-animals-154363
Low Poly Asset Bundle,Low Poly Asset Bundle,JustCreate,3D/Environments,low-poly,1.20,,809195097,True,,,False,3D/Low Poly Asset Bundle v1.20.unitypackage,https://assetstore.unity.com/packages/3d/environments/low-poly-asset-bundle-196214
Low Poly Bundle - Highway Adventure,Low Poly Bundle - Highway Adventure,Immortal Factory,3D/Environments,low-poly,1.0,,61467939,True,,,False,3D/Low Poly Bundle - Highway Adventure v1.0.unitypackage,https://assetstore.unity.com/packages/3d/environments/low-poly-bundle-highway-adventure-205055
Low Poly Bundle Nature Pack,Low Poly Bundle Nature Pack,Palmov Island,3D/Environments,environment;low-poly,1.0.0,,14810201,True,,,False,3D/Low Poly Bundle Nature Pack v1.0.0.unitypackage,https://assetstore.unity.com/packages/3d/environments/low-poly-bundle-nature-pack-209657
Low Poly Character - Cobra Snake - Fantasy RPG,Low Poly Character - Cobra Snake - Fantasy RPG,Magic Pig Games / Infinity PBR,3D/Characters/Animals/Reptiles,character;low-poly;medieval,4.2.15,,25283488,True,,,False,3D/Low Poly Character - Cobra Snake - Fantasy RPG v4.2.15.unitypackage,https://assetstore.unity.com/packages/3d/characters/animals/reptiles/low-poly-character-cobra-snake-fantasy-rpg-193327
Low Poly Character - Demoness - Fantasy RPG,Low Poly Character - Demoness - Fantasy RPG,Magic Pig Games / Infinity PBR,3D/Characters/Creatures,character;low-poly;medieval,4.2.15,,8147244,True,,,False,3D/Low Poly Character - Demoness - Fantasy RPG v4.2.15.unitypackage,https://assetstore.unity.com/packages/3d/characters/creatures/low-poly-character-demoness-fantasy-rpg-221487
Low Poly Character - Devils - Fantasy RPG,Low Poly Character - Devils - Fantasy RPG,Magic Pig Games / Infinity PBR,3D/Characters/Creatures,character;low-poly;medieval,4.2.15,,4730677,True,,,False,3D/Low Poly Character - Devils - Fantasy RPG v4.2.15.unitypackage,https://assetstore.unity.com/packages/3d/characters/creatures/low-poly-character-devils-fantasy-rpg-221492
Low Poly Character - Dragon Skeleton - Fantasy RPG,Low Poly Character - Dragon Skeleton - Fantasy RPG,Magic Pig Games / Infinity PBR,3D/Characters/Creatures,character;low-poly;medieval,4.2.15,,28820572,True,,,False,3D/Low Poly Character - Dragon Skeleton - Fantasy RPG v4.2.15.unitypackage,https://assetstore.unity.com/packages/3d/characters/creatures/low-poly-character-dragon-skeleton-fantasy-rpg-221493
Low Poly Character - Gazer - Fantasy RPG,Low Poly Character - Gazer - Fantasy RPG,Magic Pig Games / Infinity PBR,3D/Characters/Creatures,character;low-poly;medieval,4.2.15,,5884164,True,,,False,3D/Low Poly Character - Gazer - Fantasy RPG v4.2.15.unitypackage,https://assetstore.unity.com/packages/3d/characters/creatures/low-poly-character-gazer-fantasy-rpg-221488
Low Poly Character - Golem - Fantasy RPG,Low Poly Character - Golem - Fantasy RPG,Magic Pig Games / Infinity PBR,3D/Characters/Humanoids/Fantasy,character;low-poly;medieval,4.2.15,,4802504,True,,,False,3D/Low Poly Character - Golem - Fantasy RPG v4.2.15.unitypackage,https://assetstore.unity.com/packages/3d/characters/humanoids/fantasy/low-poly-character-golem-fantasy-rpg-244452
Low Poly Character - Harlequin - Fantasy RPG,Low Poly Character - Harlequin - Fantasy RPG,Magic Pig Games / Infinity PBR,3D/Characters/Humanoids/Fantasy,character;low-poly;medieval,4.2.15,,6671959,True,,,False,3D/Low Poly Character - Harlequin - Fantasy RPG v4.2.15.unitypackage,https://assetstore.unity.com/packages/3d/characters/humanoids/fantasy/low-poly-character-harlequin-fantasy-rpg-251336
Low Poly Character - Imp - Fantasy RPG,Low Poly Character - Imp - Fantasy RPG,Magic Pig Games / Infinity PBR,3D/Characters/Creatures,character;low-poly;medieval,4.2.15,,5711530,True,,,False,3D/Low Poly Character - Imp - Fantasy RPG v4.2.15.unitypackage,https://assetstore.unity.com/packages/3d/characters/creatures/low-poly-character-imp-fantasy-rpg-251335
Low Poly Character - Metal Ghost Knight - Fantasy RPG,Low Poly Character - Metal Ghost Knight - Fantasy RPG,Magic Pig Games / Infinity PBR,3D/Characters/Creatures,character;low-poly;medieval,4.2.15,,15080326,True,,,False,3D/Low Poly Character - Metal Ghost Knight - Fantasy RPG v4.2.15.unitypackage,https://assetstore.unity.com/packages/3d/characters/creatures/low-poly-character-metal-ghost-knight-fantasy-rpg-247721
Low Poly Character - Minotaur - Fantasy RPG,Low Poly Character - Minotaur - Fantasy RPG,Magic Pig Games / Infinity PBR,3D/Characters/Creatures,character;low-poly;medieval,4.2.15,,4718125,True,,,False,3D/Low Poly Character - Minotaur - Fantasy RPG v4.2.15.unitypackage,https://assetstore.unity.com/packages/3d/characters/creatures/low-poly-character-minotaur-fantasy-rpg-221491
Low Poly Character - Scorpion - Fantasy RPG,Low Poly Character - Scorpion - Fantasy RPG,Magic Pig Games / Infinity PBR,3D/Characters/Creatures,character;low-poly;medieval,4.2.15,,6156590,True,,,False,3D/Low Poly Character - Scorpion - Fantasy RPG v4.2.15.unitypackage,https://assetstore.unity.com/packages/3d/characters/creatures/low-poly-character-scorpion-fantasy-rpg-225390
Low Poly Character - Treant - Fantasy RPG,Low Poly Character - Treant - Fantasy RPG,Magic Pig Games / Infinity PBR,3D/Characters/Creatures,character;low-poly;medieval,4.2.15,,23107116,True,,,False,3D/Low Poly Character - Treant - Fantasy RPG v4.2.15.unitypackage,https://assetstore.unity.com/packages/3d/characters/creatures/low-poly-character-treant-fantasy-rpg-242768
Low Poly Character - Troll - Fantasy RPG,Low Poly Character - Troll - Fantasy RPG,Magic Pig Games / Infinity PBR,3D/Characters/Humanoids/Fantasy,character;low-poly;medieval,4.2.15,,5942901,True,,,False,3D/Low Poly Character - Troll - Fantasy RPG v4.2.15.unitypackage,https://assetstore.unity.com/packages/3d/characters/humanoids/fantasy/low-poly-character-troll-fantasy-rpg-242769
Low Poly Character - Weeper - Fantasy RPG,Low Poly Character - Weeper - Fantasy RPG,,3D,character;low-poly;medieval,4.2.15,,20387313,True,,,False,3D/Low Poly Character - Weeper - Fantasy RPG v4.2.15.unitypackage,
Low Poly Characters - Humans Elves Orcs - Fantasy RPG,Low Poly Characters - Humans Elves Orcs - Fantasy RPG,Magic Pig Games / Infinity PBR,3D/Characters/Humanoids/Fantasy,character;low-poly;medieval,4.2.15,,28698155,True,,,False,3D/Low Poly Characters - Humans Elves Orcs - Fantasy RPG v4.2.15.unitypackage,https://assetstore.unity.com/packages/3d/characters/humanoids/fantasy/low-poly-characters-humans-elves-orcs-fantasy-rpg-191582
Low Poly Fantasy Bundle,Low Poly Fantasy Bundle,JustCreate,3D/Environments/Fantasy,low-poly;medieval,1.03,2024-10-21,426708052,True,,,False,3D/Low Poly Fantasy Bundle v1.03 (21 Oct 2024).unitypackage,https://assetstore.unity.com/packages/3d/environments/fantasy/low-poly-fantasy-bundle-258580
Low Poly Farm Pack,Low Poly Farm Pack,JustCreate,3D/Environments/Industrial,low-poly,1.1,,42421045,True,,,False,3D/Low Poly Farm Pack v1.1.unitypackage,https://assetstore.unity.com/packages/3d/environments/industrial/low-poly-farm-pack-182924
Low Poly FPS Bundle,Low Poly FPS Bundle,JustCreate,3D/Environments,low-poly,1.01,,263090772,True,,,False,3D/Low Poly FPS Bundle v1.01.unitypackage,https://assetstore.unity.com/packages/3d/environments/low-poly-fps-bundle-258450
Low Poly Modular Terrain Pack,Low Poly Modular Terrain Pack,LMHPOLY,3D/Environments,low-poly;terrain,1.4.1,2024-12-05,319539348,True,,,False,3D/Low Poly Modular Terrain Pack v1.4.1 (05 Dec 2024).unitypackage,https://assetstore.unity.com/packages/3d/environments/low-poly-modular-terrain-pack-91558
Low Poly Monster Bundle 1 - 20 Character Packs! - Fantasy RPG,Low Poly Monster Bundle 1 - 20 Character Packs - Fantasy RPG,Magic Pig Games / Infinity PBR,3D/Characters/Creatures,character;low-poly;medieval,4.2.17,,103426349,True,,,False,3D/Low Poly Monster Bundle 1 - 20 Character Packs - Fantasy RPG v4.2.17.unitypackage,https://assetstore.unity.com/packages/3d/characters/creatures/low-poly-monster-bundle-1-20-character-packs-fantasy-rpg-175671
Low Poly Nature Bundle,Low Poly Nature Bundle,LMHPOLY,3D/Environments,environment;low-poly,1.4.1,2024-12-05,449423754,True,,,False,3D/Low Poly Nature Bundle v1.4.1 (05 Dec 2024).unitypackage,https://assetstore.unity.com/packages/3d/environments/low-poly-nature-bundle-223104
Low Poly Pixel UI,Low Poly Pixel UI,Fast Solutions,2D/GUI/Icons,low-poly;ui,1.0,,26518714,True,,,False,2D/GUI/Low Poly Pixel UI v1.0.unitypackage,https://assetstore.unity.com/packages/2d/gui/icons/low-poly-pixel-ui-169751
Low Poly Rocks Pack,Low Poly Rocks Pack,LMHPOLY,3D/Environments,low-poly,1.3.3,,19400184,True,,,False,3D/Low Poly Rocks Pack v1.3.3.unitypackage,https://assetstore.unity.com/packages/3d/environments/low-poly-rocks-pack-70164
Low Poly Rooms Interiors 2,Low Poly Rooms Interiors 2,Mnostva Art,3D/Environments,environment;low-poly,1.0,2022-03-23,20100730,True,,,False,3D/Low Poly Rooms Interiors 2 v1.0 (23 Mar 2022).unitypackage,https://assetstore.unity.com/packages/3d/environments/low-poly-rooms-interiors-2-216256
Low Poly RPG Fantasy Weapons,Low Poly RPG Fantasy Weapons,JustCreate,3D/Props/Weapons,low-poly;medieval;prop,1.0,,23850404,True,,,False,3D/Low Poly RPG Fantasy Weapons v1.0.unitypackage,https://assetstore.unity.com/packages/3d/props/weapons/low-poly-rpg-fantasy-weapons-226546
Low Poly Tools Bundle,Low Poly Tools Bundle,Pinwheel Studio,Tools/Terrain,editor-tool;low-poly,1.4,,123236231,True,,,False,3D/Low Poly Tools Bundle v1.4.unitypackage,https://assetstore.unity.com/packages/tools/terrain/low-poly-tools-bundle-195642
Low Poly Trees - Pack,Low Poly Trees - Pack,LMHPOLY,3D/Vegetation/Trees,low-poly,1.4.3,,88881301,True,,,False,3D/Low Poly Trees - Pack v1.4.3.unitypackage,https://assetstore.unity.com/packages/3d/vegetation/trees/low-poly-trees-pack-73954
Low Poly Ultimate Megapack - URP Refreshed,Low Poly Ultimate Megapack - URP Refreshed,RG Poly,3D/Environments,low-poly;urp,1.0,,93283795,True,,,False,3D/Low Poly Ultimate Megapack - URP Refreshed v1.0.unitypackage,https://assetstore.unity.com/packages/3d/environments/low-poly-ultimate-megapack-urp-refreshed-291854
Low Poly Ultimate Pack,Low Poly Ultimate Pack,polyperfect,3D/Props,low-poly,8.5.5,,202311975,True,,,False,3D/Low Poly Ultimate Pack 8.5.5.unitypackage,https://assetstore.unity.com/packages/3d/props/low-poly-ultimate-pack-54733
Low Poly Underwater Pack,Low Poly Underwater Pack,Ventuar3D,3D/Environments/Landscapes,low-poly,1.02,,30859230,True,,,False,3D/Low Poly Underwater Pack v1.02.unitypackage,https://assetstore.unity.com/packages/3d/environments/landscapes/low-poly-underwater-pack-197874
Low Poly Vegetation Pack,Low Poly Vegetation Pack,LMHPOLY,3D/Vegetation,low-poly,1.3.1,,14392748,True,,,False,3D/Low Poly Vegetation Pack 1.3.1.unitypackage,https://assetstore.unity.com/packages/3d/vegetation/low-poly-vegetation-pack-80146
LOWPOLY - Adventurers,LOWPOLY - Adventurers,,3D,low-poly,1.0,,1775943,True,,,False,3D/LOWPOLY - Adventurers v1.0.unitypackage,
LowPoly Bridges Pack,LowPoly Bridges Pack,k0rveen,3D/Environments/Fantasy,low-poly,1.0,,747207,True,,,False,3D/LowPoly Bridges Pack v1.0.unitypackage,https://assetstore.unity.com/packages/3d/environments/fantasy/lowpoly-bridges-pack-165342
LUT Pack for Beautify,LUT Pack for Beautify,Kronnect,VFX/Shaders/Fullscreen & Camera Effects,shader,1.2,,6923223,True,,,False,LUT Pack for Beautify v1.2.unitypackage,https://assetstore.unity.com/packages/vfx/shaders/fullscreen-camera-effects/lut-pack-for-beautify-202502
Magic Animation Blend,Magic Animation Blend,KINEMATION,Tools/Animation,animation,3.2.1,2025-11-09,3974905,True,,,False,Magic Animation Blend v3.2.1 (09 Nov 2025).unitypackage,https://assetstore.unity.com/packages/tools/animation/magic-animation-blend-239795
Magic Buffs and Auras VFX,Magic Buffs and Auras VFX,Piloto Studio,VFX/Particles/Spells,vfx,1.0,,49532530,True,,,False,VFX/Magic Buffs and Auras VFX v1.0.unitypackage,https://assetstore.unity.com/packages/vfx/particles/spells/magic-buffs-and-auras-vfx-315384
Magic Circles and Shields Vol.3,Magic Circles and Shields Vol3,Hovl Studio,VFX/Particles/Spells,vfx,1.0.1,,63885153,True,,,False,Magic Circles and Shields Vol3 v1.0.1.unitypackage,https://assetstore.unity.com/packages/vfx/particles/spells/magic-circles-and-shields-vol-3-153509
Magic Effects Pack 1,Magic Effects Pack 1,kripto289,VFX/Particles/Spells,vfx,1.3.01,,162912339,True,,,False,VFX/Particles/Magic Effects Pack 1 v1.3.01.unitypackage,https://assetstore.unity.com/packages/vfx/particles/spells/magic-effects-pack-1-99856
Magica Cloth 2,Magica Cloth 2,Magica Soft,Tools/Physics,editor-tool,2.18.3,,87613609,True,,,False,Tools/Magica Cloth 2 v2.18.3.unitypackage,https://assetstore.unity.com/packages/tools/physics/magica-cloth-2-242307
Magica Cloth 2,Magica Cloth 2,Magica Soft,Tools/Physics,editor-tool,2.13.2,2025-01-17,86670977,False,,,False,Tools/Magica Cloth 2 v2.13.2 (17 Jan 2025).unitypackage,https://assetstore.unity.com/packages/tools/physics/magica-cloth-2-242307
Magical-Knight Set,Magical-Knight Set,,,medieval,1.1,,431721484,True,,,False,Magical-Knight Set v1.1.unitypackage,
Maintainer 2,Maintainer 2,,Tools,editor-tool,,,1703162,False,,,False,Tools/Maintainer 2.unitypackage,
Male Emotes,Male Emotes,RamsterZ,3D/Animations,,1.0,,12356017,True,,,False,3D/Animations/RamsterZ/Male Emotes v1.0.unitypackage,https://assetstore.unity.com/packages/3d/animations/male-emotes-260293
Male Fighter Mecanim Animation Pack,Male Fighter Mecanim Animation Pack,Explosive,3D/Animations,animation,2.3,,8015359,True,,,False,3D/Animations/Male Fighter Mecanim Animation Pack v2.3.unitypackage,https://assetstore.unity.com/packages/3d/animations/male-fighter-mecanim-animation-pack-23661
Male Knight Modular Pack 01 Cute Series,Male Knight Modular Pack 01 Cute Series,Meshtint Studio,3D/Characters/Humanoids/Fantasy,medieval;stylized,1.2,,24042045,True,,,False,3D/Male Knight Modular Pack 01 Cute Series v1.2.unitypackage,https://assetstore.unity.com/packages/3d/characters/humanoids/fantasy/male-knight-modular-pack-01-cute-series-168557
Male Ninja Modular Pack Cute Series,Male Ninja Modular Pack Cute Series,Meshtint Studio,3D/Characters/Humanoids/Humans,stylized,1.0,,28628229,True,,,False,3D/Meshtint Studio/Male Ninja Modular Pack Cute Series v1.0.unitypackage,https://assetstore.unity.com/packages/3d/characters/humanoids/humans/male-ninja-modular-pack-cute-series-222679
Mario Style Environment - Super Capsule Boy,Mario Style Environment - Super Capsule Boy,Eyratrin,3D/Environments/Landscapes,environment,1.1,,232061481,True,,,False,3D/Mario Style Environment - Super Capsule Boy v1.1.unitypackage,https://assetstore.unity.com/packages/3d/environments/landscapes/mario-style-environment-super-capsule-boy-256771
Martial Arts Fight Game,Martial Arts Fight Game,wemakethegame,3D/Animations,,2.2,,617228634,True,,same-size-same-version-different-folder,False,3D/Animations/Wemakethegame/Martial Arts Fight Game v2.2.unitypackage,https://assetstore.unity.com/packages/3d/animations/martial-arts-fight-game-76034
Martial Arts Fight Game,Martial Arts Fight Game,wemakethegame,3D/Animations,,2.2,,617228634,False,,same-size-same-version-different-folder,False,Martial Arts Fight Game v2.2.unitypackage,https://assetstore.unity.com/packages/3d/animations/martial-arts-fight-game-76034
Massive GreatSword AnimSet,Massive GreatSword AnimSet,wemakethegame,3D/Animations,animation,1.0,,432828345,True,,,False,3D/Animations/Wemakethegame/Massive GreatSword AnimSet v1.0.unitypackage,https://assetstore.unity.com/packages/3d/animations/massive-greatsword-animset-251438
Mat Overlay,Mat Overlay,,VFX,vfx,,,4608,False,broken,,False,VFX/Shaders/Mat_Overlay.unitypackage,
Match 3 Games Sound Effects and Music Pack,Match 3 Games Sound Effects and Music Pack,SwishSwoosh,Audio/Sound FX,music;sfx;vfx,2.0,,67532266,True,,,False,Audio/SwishSwoosh/Match 3 Games Sound Effects and Music Pack v2.0.unitypackage,https://assetstore.unity.com/packages/audio/sound-fx/match-3-games-sound-effects-and-music-pack-232462
Match 3 Kit: Sweet Sugar Candy,Match 3 Kit Sweet Sugar Candy,Candy Smith,Templates/Systems,template,1.7.3,,99510576,True,,,False,Templates/Match 3 Kit Sweet Sugar Candy v1.7.3.unitypackage,https://assetstore.unity.com/packages/templates/systems/match-3-kit-sweet-sugar-candy-98823
MC Core Motion - Believable 3D Animations by MoCap Central,MC Core Motion - Believable 3D Animations by MoCap Central,Mocap Central,3D/Animations,animation,1.4.0,,41953284,True,,,False,3D/Animations/Mocap Central/MC Core Motion - Believable 3D Animations by MoCap Central v1.4.0 (Unity 2022.3).unitypackage,https://assetstore.unity.com/packages/3d/animations/mc-core-motion-believable-3d-animations-by-mocap-central-289267
MC Grab Loot - Believable 3D Animations by MoCap Central,MC Grab Loot - Believable 3D Animations by MoCap Central,Mocap Central,3D/Animations,animation,1.0.0,,34018303,True,,,False,3D/Animations/Mocap Central/MC Grab Loot - Believable 3D Animations by MoCap Central v1.0.0 (Unity 2022.3).unitypackage,https://assetstore.unity.com/packages/3d/animations/mc-grab-loot-believable-3d-animations-by-mocap-central-290561
MC Greet & Talk - Believable 3D Animations by MoCap Central,MC Greet Talk - Believable 3D Animations by MoCap Central,Mocap Central,3D/Animations,animation,1.0.0,,31143389,True,,,False,3D/Animations/Mocap Central/MC Greet Talk - Believable 3D Animations by MoCap Central v1.0.0.unitypackage,https://assetstore.unity.com/packages/3d/animations/mc-greet-talk-believable-3d-animations-by-mocap-central-288923
MC Idles - Believable 3D Animations by MoCap Central,MC Idles - Believable 3D Animations by MoCap Central,Mocap Central,3D/Animations,animation,1.0.0,,35437700,True,,,False,3D/Animations/Mocap Central/MC Idles - Believable 3D Animations by MoCap Central v1.0.0.unitypackage,https://assetstore.unity.com/packages/3d/animations/mc-idles-believable-3d-animations-by-mocap-central-290208
MC Seated - Believable 3D Animations by MoCap Central,MC Seated - Believable 3D Animations by MoCap Central,Mocap Central,3D/Animations,animation,1.0.0,,38902262,True,,,False,3D/Animations/Mocap Central/MC Seated - Believable 3D Animations by MoCap Central v1.0.0.unitypackage,https://assetstore.unity.com/packages/3d/animations/mc-seated-believable-3d-animations-by-mocap-central-289895
Medieval Fantasy SFX Bundle,Medieval Fantasy SFX Bundle,Magic Sound Effects,Audio/Sound FX,medieval;sfx,1.0,2022-11-16,1618083370,True,,same-size-same-version-different-folder,False,Audio/Medieval Fantasy SFX Bundle v1.0 (16 Nov 2022).unitypackage,https://assetstore.unity.com/packages/audio/sound-fx/medieval-fantasy-sfx-bundle-238870
Medieval Fantasy SFX Bundle,Medieval Fantasy SFX Bundle,Magic Sound Effects,Audio/Sound FX,medieval;sfx,1.0,2022-11-16,1618083370,False,,same-size-same-version-different-folder,False,Medieval Fantasy SFX Bundle v1.0 (16 Nov 2022).unitypackage,https://assetstore.unity.com/packages/audio/sound-fx/medieval-fantasy-sfx-bundle-238870
Medieval Kingdom UI,Medieval Kingdom UI,PONETI,2D/GUI,medieval;ui,1.03,,2796968786,True,,,False,2D/GUI/Medieval Kingdom UI v1.03.unitypackage,https://assetstore.unity.com/packages/2d/gui/medieval-kingdom-ui-180688
Mega Animations Pack,Mega Animations Pack,,3D,animation,,,119863381,False,,,False,3D/Animations/Kevin Iglesias/Mega Animations Pack.unitypackage,
Megacity - Low Poly City 3D Models Pack,Megacity - Low Poly City 3D Models Pack,ithappy,3D/Environments,environment;low-poly,1.3,,69646354,True,,,False,3D/Megacity - Low Poly City 3D Models Pack v1.3.unitypackage,https://assetstore.unity.com/packages/3d/environments/megacity-low-poly-city-3d-models-pack-282649
Melee 2 | Game Creator 2,Melee 2 Game Creator 2 by Catsoft Works,Catsoft Works,Tools/Game Toolkits,editor-tool,2.2.11,2024-10-18,41901703,True,,,False,Tools/Game Creator/Melee 2 Game Creator 2 by Catsoft Works v2.2.11 (18 Oct 2024).unitypackage,https://assetstore.unity.com/packages/tools/game-toolkits/melee-2-game-creator-2-253446
Mesh Baker,Mesh Baker,Ian Deane,Tools/Modeling,editor-tool,3.39.0,,64268862,True,,,False,Tools/Mesh Baker v3.39.0.unitypackage,https://assetstore.unity.com/packages/tools/modeling/mesh-baker-5017
"Mesh Extractor - Separate meshes, materials and textures",Mesh Extractor - Separate meshes materials and textures,KAMGAM,Tools/Modeling,editor-tool,1.3.0,,4733618,True,,,False,Tools/Mesh Extractor - Separate meshes materials and textures v1.3.0.unitypackage,https://assetstore.unity.com/packages/tools/modeling/mesh-extractor-separate-meshes-materials-and-textures-245135
"Mesh Smoother - Mesh Edge Normal Editor, Mesh Modifier",Mesh Smoother - Mesh Edge Normal Editor Mesh Modifier,KAMGAM,Tools/Modeling,editor-tool,1.0.2,2024-05-03,950674,True,,,False,Tools/Mesh Smoother - Mesh Edge Normal Editor Mesh Modifier v1.0.2 (May 3 2024).unitypackage,https://assetstore.unity.com/packages/tools/modeling/mesh-smoother-mesh-edge-normal-editor-mesh-modifier-277690
MeshFusion Pro : Ultimate Optimization Tool,MeshFusion Pro Ultimate Optimization Tool,New Game Studio,Tools/Utilities,editor-tool,1.1.5,,20472216,True,,,False,MeshFusion Pro Ultimate Optimization Tool v1.1.5.unitypackage,https://assetstore.unity.com/packages/tools/utilities/meshfusion-pro-ultimate-optimization-tool-255560
MFPS 2.0: Multiplayer FPS,MFPS 20 Multiplayer FPS,Lovatto Studio,Templates/Packs,networking;template,1.9.4,2024-05-29,171089034,True,,,False,Templates/MFPS 20 Multiplayer FPS v1.9.4 (29 May 2024).unitypackage,https://assetstore.unity.com/packages/templates/packs/mfps-2-0-multiplayer-fps-101171
MFPS Mobile,MFPS Mobile,Lovatto Studio,Templates/Packs,template,,,151891826,False,,,False,Templates/MFPS Mobile.unitypackage,https://assetstore.unity.com/packages/templates/packs/mfps-mobile-245213
Mfuscator: IL2CPP Encryption,Mfuscator IL2CPP Encryption,Mewiof,Tools/Utilities,editor-tool,1.2.7,,339418,True,,,False,Tools/Mfuscator IL2CPP Encryption v1.2.7.unitypackage,https://assetstore.unity.com/packages/tools/utilities/mfuscator-il2cpp-encryption-256631
MicroSplat,MicroSplat,Jason Booth,Tools/Terrain,terrain,,,169222776,False,,,False,MicroSplat.unitypackage,https://assetstore.unity.com/packages/tools/terrain/microsplat-96478
MIGHTY PERFORMANCE PACK,MIGHTY PERFORMANCE PACK,ShrinkRay Entertainment,Tools/Utilities,editor-tool,1.1.4,2025-06-24,43473933,True,,,False,Tools/MIGHTY PERFORMANCE PACK v1.1.4 (24 Jun 2025).unitypackage,https://assetstore.unity.com/packages/tools/utilities/mighty-performance-pack-291924
Military Combat HUD - Synty INTERFACE - GUI,Military Combat HUD - Synty INTERFACE - GUI,Synty Studios,2D/GUI,ui,1.0.0,,364312786,True,,,False,2D/GUI/Military Combat HUD - Synty INTERFACE - GUI v1.0.0.unitypackage,https://assetstore.unity.com/packages/2d/gui/military-combat-hud-synty-interface-gui-302903
Military - Low Poly 3D Models Pack,Military - Low Poly 3D Models Pack,,3D,low-poly,2.1,2025-06-11,53437185,True,,,False,3D/Military - Low Poly 3D Models Pack v2.1 (11 Jun 2025).unitypackage,
Mini Characters Ultimate Voice Pack,Mini Characters Ultimate Voice Pack,PRINCIPLE Sound Design,Audio/Sound FX/Voices,character;sfx,1.0,,54940708,True,,,False,Audio/Mini Characters Ultimate Voice Pack v1.0.unitypackage,https://assetstore.unity.com/packages/audio/sound-fx/voices/mini-characters-ultimate-voice-pack-61707
Mirage - Versatile Impostor System,Mirage - Versatile Impostor System,Léo Chaumartin,Tools/Utilities,template,2.0.0,,41943290,True,,,False,Mirage - Versatile Impostor System v2.0.0.unitypackage,https://assetstore.unity.com/packages/tools/utilities/mirage-versatile-impostor-system-261094
Missing Reference Fixer,Missing Reference Fixer,COSMIC GAMES,Tools/Utilities,editor-tool,1.0,,1251930,True,,,False,Tools/Missing Reference Fixer v1.0.unitypackage,https://assetstore.unity.com/packages/tools/utilities/missing-reference-fixer-316285
MK Toon - Stylized Shader,MK Toon - Stylized Shader,,VFX,shader;stylized;vfx,,,130911962,False,,,False,VFX/Shaders/MK Toon - Stylized Shader.unitypackage,
MMORPG KIT (2D/3D/Survival),MMORPG KIT 2D 3D Survival,SURIYUN,Templates/Systems,medieval;template,1.83e2,,30151893,True,,,False,Templates/MMORPG KIT 2D 3D Survival v1.83e2.unitypackage,https://assetstore.unity.com/packages/templates/systems/mmorpg-kit-2d-3d-survival-110188
Mobile Games Audio Bundle,Mobile Games Audio Bundle,SwishSwoosh,Audio/Sound FX,sfx,,,1651404249,False,,,False,Audio/Mobile Games Audio Bundle.unitypackage,https://assetstore.unity.com/packages/audio/sound-fx/mobile-games-audio-bundle-286211
Modern UI Pack,Modern UI Pack,Michsky,Tools/GUI,ui,5.5.27,2025-08-01,11869010,True,,,False,2D/Modern UI Pack v5.5.27 (01 Aug 2025).unitypackage,https://assetstore.unity.com/packages/tools/gui/modern-ui-pack-201717
Modern UI SFX - sound pack,Modern UI SFX - sound pack,Cyberleaf Studio,Audio/Sound FX,sfx;ui,1.0,,7219246,True,,,False,Audio/Modern UI SFX - sound pack v1.0.unitypackage,https://assetstore.unity.com/packages/audio/sound-fx/modern-ui-sfx-sound-pack-198858
Modern City Pack,ModernCity,noirfx,3D/Environments/Urban,environment;hdrp,,,263968492,False,,,False,3D/ModernCity_HDRP_2021.3.6f1.unitypackage,https://assetstore.unity.com/packages/3d/environments/urban/modern-city-pack-18005
Modern City Pack,ModernCity,noirfx,3D/Environments/Urban,environment;urp,,,260095368,False,,,False,3D/ModernCity_URP_2021.3.6f1.unitypackage,https://assetstore.unity.com/packages/3d/environments/urban/modern-city-pack-18005
"Modular Abandoned Hospital (Horror Hospital, Abandoned hospital, Hospital)",Modular Abandoned Hospital Horror Hospital Abandoned hospital Hospital,Hivemind,3D/Environments/Fantasy,horror,1.0,2024-04-17,2454398730,True,,,False,3D/Modular Abandoned Hospital Horror Hospital Abandoned hospital Hospital v1.0 (17 Apr 2024).unitypackage,https://assetstore.unity.com/packages/3d/environments/fantasy/modular-abandoned-hospital-horror-hospital-abandoned-hospital-ho-276792
"Modular Castle & Dungeon (Medieval Castle, Castles, Dungeons, Dungeon, Castle)",Modular Castle Dungeon Medieval Castle Castles Dungeons Dungeon Castle,Hivemind,3D/Environments/Fantasy,environment;medieval,1.0,2024-05-22,6235562308,True,,,False,3D/Modular Castle Dungeon Medieval Castle Castles Dungeons Dungeon Castle v1.0 (22 May 2024).unitypackage,https://assetstore.unity.com/packages/3d/environments/fantasy/modular-castle-dungeon-medieval-castle-castles-dungeons-dungeon--271318
Modular City Alley Pack,Modular City Alley Pack,Finward Studios,3D/Environments/Urban,environment,2.0.0,2023-10-06,1289457011,True,,,False,3D/Modular City Alley Pack v2.0.0 (Oct 6 2023).unitypackage,https://assetstore.unity.com/packages/3d/environments/urban/modular-city-alley-pack-65890
Modular Cyber Racing Cars - Low Poly 3D Models,Modular Cyber Racing Cars - Low Poly 3D Models,,3D,low-poly;vehicle,,,31195669,False,,,False,3D/Modular Cyber Racing Cars - Low Poly 3D Models.unitypackage,
Modular Dungeon - Catacombs,Modular Dungeon Catacombs - Mobile,Tobyfredson,3D/Environments/Dungeons,environment,2.1.1b,,2790467332,True,,,False,3D/Modular Dungeon Catacombs - Mobile v2.1.1b.unitypackage,https://assetstore.unity.com/packages/3d/environments/dungeons/modular-dungeon-catacombs-212016
Stylized Modular Human Male,Modular Fantasy Stylized Human Male,N-hance Studio,3D/Characters,medieval;stylized,2.1.1,,353747837,True,,,False,3D/Modular Fantasy Stylized Human Male v2.1.1.unitypackage,https://assetstore.unity.com/packages/3d/characters/stylized-modular-human-male-178646
"Modular Medieval Bandit Village (Medieval Village, Bandit village, Town)",Modular Medieval Bandit Village Medieval Village Bandit village Town,Hivemind,3D/Environments/Fantasy,environment;medieval,1.0,,5474498548,True,,,False,3D/Modular Medieval Bandit Village Medieval Village Bandit village Town v1.0.unitypackage,https://assetstore.unity.com/packages/3d/environments/fantasy/modular-medieval-bandit-village-medieval-village-bandit-village--288444
"Modular Medieval Town, Docks (Medieval Town, Medieval Village, Town, Village)",Modular Medieval Town Docks Medieval Town Medieval Village Town Village,Hivemind,3D/Environments/Fantasy,environment;medieval,1.0,,5533696131,True,,,False,3D/Modular Medieval Town Docks Medieval Town Medieval Village Town Village v1.0.unitypackage,https://assetstore.unity.com/packages/3d/environments/fantasy/modular-medieval-town-docks-medieval-town-medieval-village-town--271319
Modular Medieval Village Village Medieval Village Medieval Town Town,Modular Medieval Village Village Medieval Village Medieval Town Town,,3D,environment;medieval,1.0,,3856731541,True,,,False,3D/Modular Medieval Village Village Medieval Village Medieval Town Town v1.0.unitypackage,
Modular Stylized Character 1,Modular Stylized Character 1,Rukha93,3D/Characters/Humanoids/Humans,character;stylized,,,125375469,False,,,False,3D/Modular Stylized Character 1.unitypackage,https://assetstore.unity.com/packages/3d/characters/humanoids/humans/modular-stylized-character-1-255279
Modular Stylized Cyberpunk Street,Modular Stylized Cyberpunk Street,StylArts,3D/Environments/Sci-Fi,sci-fi;stylized,1.0,,901185777,True,,,False,3D/Modular Stylized Cyberpunk Street v1.0.unitypackage,https://assetstore.unity.com/packages/3d/environments/sci-fi/modular-stylized-cyberpunk-street-217874
Modular Stylized Medieval Town,Modular Stylized Medieval Town,StylArts,3D/Environments/Fantasy,medieval;stylized,,,152300480,False,,,False,3D/Modular Stylized Medieval Town (Unity 2021.3.6f1).unitypackage,https://assetstore.unity.com/packages/3d/environments/fantasy/modular-stylized-medieval-town-253793
Monk AnimSet,Monk Animset,wemakethegame,3D/Animations,animation,1.21,,296104074,True,,,False,3D/Animations/Wemakethegame/Monk Animset v1.21.unitypackage,https://assetstore.unity.com/packages/3d/animations/monk-animset-119881
Monsters Ultimate Pack 01 Cute Series,Monsters Ultimate Pack 01 Cute Series,Meshtint Studio,3D/Characters/Creatures,character;stylized,1.0,,70401602,True,,,False,3D/Meshtint Studio/Monsters Ultimate Pack 01 Cute Series v1.0.unitypackage,https://assetstore.unity.com/packages/3d/characters/creatures/monsters-ultimate-pack-01-cute-series-167028
Monsters Ultimate Pack 02 Cute Series,Monsters Ultimate Pack 02 Cute Series,Meshtint Studio,3D/Characters/Creatures,character;stylized,1.0,2025-06-10,159429776,True,,,False,3D/Meshtint Studio/Monsters Ultimate Pack 02 Cute Series v1.0 (10 Jun 2025).unitypackage,https://assetstore.unity.com/packages/3d/characters/creatures/monsters-ultimate-pack-02-cute-series-179083
Monsters Ultimate Pack 03 Cute Series,Monsters Ultimate Pack 03 Cute Series,Meshtint Studio,3D/Characters/Creatures,character;stylized,1.0,,78561975,True,,,False,3D/Meshtint Studio/Monsters Ultimate Pack 03 Cute Series v1.0.unitypackage,https://assetstore.unity.com/packages/3d/characters/creatures/monsters-ultimate-pack-03-cute-series-186399
Monsters Ultimate Pack 05 Cute Series,Monsters Ultimate Pack 05 Cute Series,Meshtint Studio,3D/Characters/Creatures,character;stylized,1.0,,60074284,True,,,False,3D/Meshtint Studio/Monsters Ultimate Pack 05 Cute Series v1.0.unitypackage,https://assetstore.unity.com/packages/3d/characters/creatures/monsters-ultimate-pack-05-cute-series-200745
Monsters Ultimate Pack 06 Cute Series,Monsters Ultimate Pack 06 Cute Series,Meshtint Studio,3D/Characters/Creatures,character;stylized,1.0,,67825685,True,,,False,3D/Meshtint Studio/Monsters Ultimate Pack 06 Cute Series v1.0.unitypackage,https://assetstore.unity.com/packages/3d/characters/creatures/monsters-ultimate-pack-06-cute-series-203135
Monsters Ultimate Pack 07 Cute Series,Monsters Ultimate Pack 07 Cute Series,Meshtint Studio,3D/Characters/Animals/Insects,character;stylized,1.0,,28253008,True,,,False,3D/Meshtint Studio/Monsters Ultimate Pack 07 Cute Series v1.0.unitypackage,https://assetstore.unity.com/packages/3d/characters/animals/insects/monsters-ultimate-pack-07-cute-series-220361
Monsters Ultimate Pack 08 Cute Series,Monsters Ultimate Pack 08 Cute Series,Meshtint Studio,3D/Characters/Creatures,character;stylized,1.0,,43355461,True,,,False,3D/Meshtint Studio/Monsters Ultimate Pack 08 Cute Series v1.0.unitypackage,https://assetstore.unity.com/packages/3d/characters/creatures/monsters-ultimate-pack-08-cute-series-232440
Motion Warping: Climb & Interact,Motion Warping Climb Interact,KINEMATION,Tools/Animation,animation;editor-tool,3.2.0,2025-11-15,1074862,True,,,False,Tools/Motion Warping Climb Interact v3.2.0 (15 Nov 2025).unitypackage,https://assetstore.unity.com/packages/tools/animation/motion-warping-climb-interact-270046
Movement Pack for Behavior Designer Pro,Movement Pack for Behavior Designer Pro,Opsive,Tools/Behavior AI,ai-pathfinding;editor-tool,2.0.6,2025-06-21,1444653,True,,,False,Tools/Movement Pack for Behavior Designer Pro v2.0.6 (21 Jun 2025).unitypackage,https://assetstore.unity.com/packages/tools/behavior-ai/movement-pack-for-behavior-designer-pro-310243
MuayThai AnimSet,MuayThai AnimSet,wemakethegame,3D/Animations,animation,1.01,2024-11-27,255307849,True,,,False,3D/Animations/Wemakethegame/MuayThai AnimSet v1.01 (27 Nov 2024).unitypackage,https://assetstore.unity.com/packages/3d/animations/muaythai-animset-262994
Multiple Graph And Chart UI Pack,Multiple Graph And Chart UI Pack,D.F.Y. STUDIO,2D/GUI,ui,1.6,,97912715,True,,,False,2D/GUI/Multiple Graph And Chart UI Pack v1.6.unitypackage,https://assetstore.unity.com/packages/2d/gui/multiple-graph-and-chart-ui-pack-198835
N-Slicer Next-Gen Sprite Slicing Beyond 9-Slice,N-Slicer Next-Gen Sprite Slicing Beyond 9-Slice,,Tools,editor-tool,2.4.0,2025-06-09,8813078,True,,,False,Tools/N-Slicer Next-Gen Sprite Slicing Beyond 9-Slice v2.4.0 (09 Jun 2025).unitypackage,
Naninovel - Visual Novel Engine,Naninovel - Visual Novel Engine,,Tools,editor-tool;template,1.20,,2792612,True,,,False,Tools/Naninovel - Visual Novel Engine v1.20.unitypackage,
Nodachi AnimSet,Nodachi Animset,wemakethegame,3D/Animations,animation,1.1,,286608558,True,,,False,3D/Animations/Wemakethegame/Nodachi Animset v1.1.unitypackage,https://assetstore.unity.com/packages/3d/animations/nodachi-animset-212073
NodeCanvas,NodeCanvas,Paradox Notion,Tools/Visual Scripting,editor-tool,3.3.3,,1186710,True,,,False,Tools/NodeCanvas v3.3.3.unitypackage,https://assetstore.unity.com/packages/tools/visual-scripting/nodecanvas-14914
Non-Convex Mesh Collider. Automatic Generator,Non-Convex Mesh Collider Automatic Generator,Plawius,Tools/Level Design,editor-tool,2.0,2025-11-16,9018053,True,,,False,Tools/Non-Convex Mesh Collider Automatic Generator v2.0 (16 Nov 2025).unitypackage,https://assetstore.unity.com/packages/tools/level-design/non-convex-mesh-collider-automatic-generator-117273
Now We're Talking!,Now Were Talking,Chatterware,Tools/Animation,editor-tool,1.08,,4253606,True,,,False,Tools/Now Were Talking v1.08.unitypackage,https://assetstore.unity.com/packages/tools/animation/now-we-re-talking-207327
Obfuscator Pro Plug and Play Code Protection 2026,Obfuscator Pro Plug and Play Code Protection 2026,,Tools,editor-tool,2026.2.2,,1251954,True,,,False,Tools/Obfuscator Pro Plug and Play Code Protection 2026 v2026.2.2.unitypackage,
ObjectNet - Easier Multiplayer System,ObjectNet - Easier Multiplayer System,OnlineObject,Tools/Network,editor-tool;networking;template,1.30,,55776927,True,,,False,Tools/ObjectNet - Easier Multiplayer System v1.30.unitypackage,https://assetstore.unity.com/packages/tools/network/objectnet-easier-multiplayer-system-261437
Odin Inspector and Serializer,Odin Inspector and Serializer,Sirenix,Tools/Utilities,editor-tool,4.0.2.4,,6289621,True,,,False,Tools/Odin Inspector and Serializer v4.0.2.4.unitypackage,https://assetstore.unity.com/packages/tools/utilities/odin-inspector-and-serializer-89041
Odin Validator,Odin Validator,Sirenix,Tools/Utilities,editor-tool,3.3.1.14,2025-10-14,268432,True,,,False,Tools/Odin Validator v3.3.1.14 (14 Oct 2025).unitypackage,https://assetstore.unity.com/packages/tools/utilities/odin-validator-227861
Office 1,Office 1,,3D,,1.0,,32529619,True,,,False,3D/Office 1 v1.0.unitypackage,
Office 2 - Low Poly 3D Models Pack,Office 2 - Low Poly 3D Models Pack,,3D,low-poly,1.1,,23872390,True,,,False,3D/Office 2 - Low Poly 3D Models Pack v1.1.unitypackage,
Office Meeting - Mocap Animation Pack,Office Meeting - Mocap Animation Pack,MoCap Online,3D/Animations,animation,1.0,,50750175,True,,,False,3D/Animations/Mocap Online/Office Meeting - Mocap Animation Pack v1.0.unitypackage,https://assetstore.unity.com/packages/3d/animations/office-meeting-mocap-animation-pack-208105
Old Lady Anims,Old Lady Anims,,3D,animation,1.0,,12915062,True,,,False,3D/Animations/RamsterZ/Old Lady Anims v1.0.unitypackage,
OmniShade Pro - Mobile Optimized Shader,OmniShade Pro - Mobile Optimized Shader,OmniShade,VFX/Shaders,editor-tool;shader;vfx,1.8.9,,77838763,True,,,False,VFX/Shaders/OmniShade Pro - Mobile Optimized Shader v1.8.9.unitypackage,https://assetstore.unity.com/packages/vfx/shaders/omnishade-pro-mobile-optimized-shader-213594
One Handed Sword Attacks and Finishers,One Handed Sword Attacks and Finishers,RamsterZ,3D/Animations,,1.0,,19115378,True,,,False,3D/Animations/RamsterZ/One Handed Sword Attacks and Finishers v1.0.unitypackage,https://assetstore.unity.com/packages/3d/animations/one-handed-sword-attacks-and-finishers-223503
Optimizers,Optimizers,FImpossible Creations,Tools/Utilities,editor-tool,2.2.2,2025-08-04,7567507,True,,,False,Tools/Optimizers v2.2.2 (04 Aug 2025).unitypackage,https://assetstore.unity.com/packages/tools/utilities/optimizers-122247
Oriental Spear AnimSet,Oriental Spear AnimSet,wemakethegame,3D/Animations,animation,1.11,,182707527,True,,,False,3D/Animations/Wemakethegame/Oriental Spear AnimSet v1.11.unitypackage,https://assetstore.unity.com/packages/3d/animations/oriental-spear-animset-120227
Oriental Sword AnimSet,Oriental Sword AnimSet,wemakethegame,3D/Animations,animation,1.61,,333422911,True,,,False,3D/Animations/Wemakethegame/Oriental Sword AnimSet v1.61.unitypackage,https://assetstore.unity.com/packages/3d/animations/oriental-sword-animset-71318
Orientalism Dual Blade Anim Set,Orientalism Dual Blade Anim Set,wemakethegame,3D/Animations,,1.0,,203859616,True,,,False,3D/Animations/Wemakethegame/Orientalism Dual Blade Anim Set v1.0.unitypackage,https://assetstore.unity.com/packages/3d/animations/orientalism-dual-blade-anim-set-174258
Overworld Music Stingers Winning Losing etc Orchestral Adventure,Overworld Music Stingers Winning Losing etc Orchestral Adventure,,Audio,music;prop;sfx,1.0,,7180438,True,,,False,Audio/Overworld Music Stingers Winning Losing etc Orchestral Adventure v1.0.unitypackage,
Paladin Anim Set,Paladin Anim Set,wemakethegame,3D/Animations,,1.0,,213926361,True,,,False,3D/Animations/Wemakethegame/Paladin Anim Set v1.0.unitypackage,https://assetstore.unity.com/packages/3d/animations/paladin-anim-set-160286
Particle Dynamic Magic 2,Particle Dynamic Magic 2,,,vfx,2.5.3,,4096,True,broken,,False,Particle Dynamic Magic 2 v2.5.3 Unity.unitypackage,
Perception 2 | Game Creator 2,Perception 2 Game Creator 2 by Catsoft Works,Catsoft Works,Tools/Behavior AI,editor-tool,2.1.4,2024-10-18,10618285,True,,,False,Tools/Game Creator/Perception 2 Game Creator 2 by Catsoft Works v2.1.4 (18 Oct 2024).unitypackage,https://assetstore.unity.com/packages/tools/behavior-ai/perception-2-game-creator-2-272415
Pet Doctor | Template + Editor,Pet Doctor Template Editor,Watermelon Games,Templates/Packs,editor-tool;template,1.4,,21163383,True,,,False,Templates/Pet Doctor Template Editor v1.4.unitypackage,https://assetstore.unity.com/packages/templates/packs/pet-doctor-template-editor-233146
Pistol Mega MocapAnimPack,Pistol Mega MocapAnimPack,RIB Studio,3D/Animations,animation,1.0,,59966208,True,,,False,3D/Animations/Mocap Online/Pistol Mega MocapAnimPack v1.0.unitypackage,https://assetstore.unity.com/packages/3d/animations/pistol-mega-mocapanimpack-230267
Pixel Art GUI UI Kit - over 400 PNG 151 icons,Pixel Art GUI UI Kit - over 400 PNG 151 icons,,2D,template;ui,1.1,,2481471,True,,,False,2D/GUI/Pixel Art GUI UI Kit - over 400 PNG 151 icons v1.1.unitypackage,
Pixelate - Pixel Art Converter,Pixelate - Pixel art converter,Tom Black,Tools/Sprite Management,editor-tool,,,25678952,False,,,False,Tools/Pixelate - Pixel art converter.unitypackage,https://assetstore.unity.com/packages/tools/sprite-management/pixelate-pixel-art-converter-194727
Platformer 12 Underwater - Low Poly 3D Models Pack,Platformer 12 Underwater - Low Poly 3D Models Pack,ithappy,3D/Environments,low-poly,2.1,2025-05-28,12512571,True,,,False,3D/Platformer 12 Underwater - Low Poly 3D Models Pack v2.1 (28 May 2025).unitypackage,https://assetstore.unity.com/packages/3d/environments/platformer-12-underwater-low-poly-3d-models-pack-295348
Platformer 2 Obstacles - Low Poly 3D Models Pack,Platformer 2 Obstacles - Low Poly 3D Models Pack,ithappy,3D/Props/Exterior,low-poly,2.0,2025-01-22,21467990,True,,,False,3D/Platformer 2 Obstacles - Low Poly 3D Models Pack v2.0 (22 Jan 2025).unitypackage,https://assetstore.unity.com/packages/3d/props/exterior/platformer-2-obstacles-low-poly-3d-models-pack-271342
Platformer 5 Fruits - Low Poly 3D Models Pack,Platformer 5 Fruits - Low Poly 3D Models Pack,ithappy,3D/Props/Exterior,low-poly,2.0,2025-02-12,18011554,True,,,False,3D/Platformer 5 Fruits - Low Poly 3D Models Pack v2.0 (12 Feb 2025).unitypackage,https://assetstore.unity.com/packages/3d/props/exterior/platformer-5-fruits-low-poly-3d-models-pack-277594
Platformer 8 Underworld - Low Poly 3D Models Pack,Platformer 8 Underworld - Low Poly Asset Pack by ithappy,ithappy,3D/Environments/Fantasy,low-poly;urp,1.0,,18289488,True,,,False,3D/Platformer 8 Underworld - Low Poly Asset Pack by ithappy v1.0 (URP version).unitypackage,https://assetstore.unity.com/packages/3d/environments/fantasy/platformer-8-underworld-low-poly-3d-models-pack-286251
Platformer Deathrun - Low Poly 3D Models Pack,Platformer Deathrun - Low Poly Asset Pack by ithappy,ithappy,3D/Environments,low-poly,1.4,,18635274,True,,,False,3D/Platformer Deathrun - Low Poly Asset Pack by ithappy v1.4.unitypackage,https://assetstore.unity.com/packages/3d/environments/platformer-deathrun-low-poly-3d-models-pack-268271
Platformer Project,Platformer Project,,,,1.8.4,,33556777,True,,,False,Platformer Project v1.8.4.unitypackage,
Police Station Pack - Synty POLYGON - Stylized Low Poly Assets,Police Station Pack - Synty POLYGON - Stylized Low Poly Assets,,3D,low-poly;stylized,1.0.0,,98977143,True,,,False,3D/Synty/Police Station Pack - Synty POLYGON - Stylized Low Poly Assets v1.0.0.unitypackage,
Poly Art Animals Forest Set,Poly Art Animals Forest Set,,3D,environment,3.9,,74066087,True,,,False,3D/Poly Art Animals Forest Set v3.9.unitypackage,
Poly Few | Mesh Simplifier and Auto LOD Generator,Poly Few Mesh Simplifier and Auto LOD Generator,Brain Fail Productions,Tools/Utilities,,7.82,2025-04-25,21983951,True,,,False,3D/Poly Few Mesh Simplifier and Auto LOD Generator v7.82 (25 Apr 2025).unitypackage,https://assetstore.unity.com/packages/tools/utilities/poly-few-mesh-simplifier-and-auto-lod-generator-160139
Poly Universal Pack,Poly Universal Pack,polyperfect,3D/Props,,3.7.1,,530605042,True,,,False,3D/Poly Universal Pack v3.7.1.unitypackage,https://assetstore.unity.com/packages/3d/props/poly-universal-pack-215157
POLYGON - Adventure Pack - Art by Synty,POLYGON Adventure - Low Poly 3D Art by Synty,Synty Studios,3D/Environments/Fantasy,low-poly,1.07,,14146465,True,,,False,3D/Synty/POLYGON Adventure - Low Poly 3D Art by Synty v1.07.unitypackage,https://assetstore.unity.com/packages/3d/environments/fantasy/polygon-adventure-pack-art-by-synty-80585
POLYGON - Ancient Empire Pack - Art by Synty,POLYGON Ancient Empire - Low Poly 3D Art by Synty,Synty Studios,3D/Environments/Historic,low-poly,1.0,,251217920,True,,,False,3D/Synty/POLYGON Ancient Empire - Low Poly 3D Art by Synty v1.0.unitypackage,https://assetstore.unity.com/packages/3d/environments/historic/polygon-ancient-empire-pack-art-by-synty-224020
POLYGON - Apocalypse Pack - Art by Synty,POLYGON Apocalypse - Low Poly 3D Art by Synty,Synty Studios,3D/Environments/Urban,low-poly,1.18.1,,138385126,True,,,False,3D/Synty/POLYGON Apocalypse - Low Poly 3D Art by Synty v1.18.1.unitypackage,https://assetstore.unity.com/packages/3d/environments/urban/polygon-apocalypse-pack-art-by-synty-154193
POLYGON - Arid Desert - Nature Biomes - Low Poly 3D Art by Synty,POLYGON - Arid Desert - Nature Biomes - Low Poly 3D Art by Synty,,3D,environment;low-poly,1.0,,90885985,True,,,False,3D/Synty/POLYGON - Arid Desert - Nature Biomes - Low Poly 3D Art by Synty v1.0.unitypackage,
POLYGON - Battle Royale Pack - Art by Synty,POLYGON Battle Royale - Low Poly 3D Art by Synty,Synty Studios,3D/Environments/Urban,low-poly,1.7.1,,27139230,True,,,False,3D/Synty/POLYGON Battle Royale - Low Poly 3D Art by Synty v1.7.1.unitypackage,https://assetstore.unity.com/packages/3d/environments/urban/polygon-battle-royale-pack-art-by-synty-128513
POLYGON - Boss Zombies Pack - Art by Synty,POLYGON BossZombies,Synty Studios,3D/Characters/Humanoids/Fantasy,character;low-poly,1.3.0,,23483904,True,,,False,3D/Synty/POLYGON_BossZombies_Unity_2020_3_v1_3_0.unitypackage,https://assetstore.unity.com/packages/3d/characters/humanoids/fantasy/polygon-boss-zombies-pack-art-by-synty-173373
POLYGON BossZombies SourceFiles v3,POLYGON BossZombies SourceFiles v3,,3D,character;low-poly,,,12959960,False,,,True,3D/Synty/POLYGON_BossZombies_SourceFiles_v3.zip,
POLYGON - Casino Pack - Art by Synty,POLYGON - Casino - Low Poly 3D Art by Synty,Synty Studios,3D/Environments,low-poly,1.05,,158451713,True,,,False,3D/Synty/POLYGON - Casino - Low Poly 3D Art by Synty v1.05.unitypackage,https://assetstore.unity.com/packages/3d/environments/polygon-casino-pack-art-by-synty-252731
POLYGON - City Pack - Art by Synty,POLYGON City - Low Poly 3D Art by Synty,Synty Studios,3D/Environments/Urban,environment;low-poly,1.11.3,,16933528,True,,,False,3D/Synty/POLYGON City - Low Poly 3D Art by Synty 1.11.3.unitypackage,https://assetstore.unity.com/packages/3d/environments/urban/polygon-city-pack-art-by-synty-95214
POLYGON - City Zombies Pack - Art by Synty,POLYGON City Zombies - Low Poly 3D Art by Synty,Synty Studios,3D/Characters/Humanoids/Fantasy,character;environment;low-poly,1.6.3,2025-02-28,10172990,True,,,False,3D/Synty/POLYGON City Zombies - Low Poly 3D Art by Synty v1.6.3 (28 Feb 2025).unitypackage,https://assetstore.unity.com/packages/3d/characters/humanoids/fantasy/polygon-city-zombies-pack-art-by-synty-131930
POLYGON - Construction Pack - Art by Synty,POLYGON Construction - Low Poly 3D Art by Synty,Synty Studios,3D/Environments/Industrial,low-poly,1.4.1,,42551076,True,,,False,3D/Synty/POLYGON Construction - Low Poly 3D Art by Synty 1.4.1.unitypackage,https://assetstore.unity.com/packages/3d/environments/industrial/polygon-construction-pack-art-by-synty-168036
POLYGON - Dark Fantasy Pack - Art by Synty,POLYGON - Dark Fantasy - Low Poly 3D Art by Synty,Synty Studios,3D/Environments/Fantasy,low-poly;medieval,1.01,,134773226,True,,,False,3D/Synty/POLYGON - Dark Fantasy - Low Poly 3D Art by Synty v1.01.unitypackage,https://assetstore.unity.com/packages/3d/environments/fantasy/polygon-dark-fantasy-pack-art-by-synty-264560
POLYGON - Dog Pack - Art By Synty,POLYGON - Dog Pack Low Poly 3D Art by Synty,Synty Studios,3D/Characters/Animals/Mammals,low-poly,1.0,,348341760,True,,,False,3D/Synty/POLYGON - Dog Pack Low Poly 3D Art by Synty v1.0.unitypackage,https://assetstore.unity.com/packages/3d/characters/animals/mammals/polygon-dog-pack-art-by-synty-192790
POLYGON - Dungeon Realms Pack - Art by Synty,POLYGON Dungeon Realms,Synty Studios,3D/Environments/Dungeons,environment;low-poly,1.3.4,,74762745,True,,,False,3D/Synty/POLYGON_Dungeon_Realms_Unity_2021_3_v1_3_4.unitypackage,https://assetstore.unity.com/packages/3d/environments/dungeons/polygon-dungeon-realms-pack-art-by-synty-189093
POLYGON - Dungeons Pack - Art by Synty,POLYGON Dungeons - Low Poly 3D Art by Synty,Synty Studios,3D/Environments/Dungeons,environment;low-poly,1.9.5,,53361366,True,,,False,3D/Synty/POLYGON Dungeons - Low Poly 3D Art by Synty v1.9.5.unitypackage,https://assetstore.unity.com/packages/3d/environments/dungeons/polygon-dungeons-pack-art-by-synty-102677
POLYGON Dungeons Map - Low Poly 3D Art by Synty,POLYGON Dungeons Map - Low Poly 3D Art by Synty,,3D,environment;low-poly,1.1,,4084528,True,,,False,3D/Synty/POLYGON Dungeons Map - Low Poly 3D Art by Synty v1.1.unitypackage,
POLYGON - Elven Realm Pack - Art by Synty,POLYGON - Elven Realm - Low Poly 3D Art by Synty,Synty Studios,3D/Environments/Fantasy,low-poly,1.4.0,,190669291,True,,,False,3D/Synty/POLYGON - Elven Realm - Low Poly 3D Art by Synty (V 1.4.0) (REPACK).unitypackage,https://assetstore.unity.com/packages/3d/environments/fantasy/polygon-elven-realm-pack-art-by-synty-247353
POLYGON - Enchanted Forest - Nature Biome,POLYGON - Enchanted Forest - Nature Biome,,3D,environment;low-poly,1.01,,174757514,True,,,False,3D/Synty/POLYGON - Enchanted Forest - Nature Biome v1.01.unitypackage,
POLYGON - Fantasy Characters Pack - Art by Synty,POLYGON Fantasy Characters - Low Poly 3D Art by Synty,Synty Studios,3D/Characters/Humanoids/Fantasy,character;low-poly;medieval,1.2,,6589754,True,,,False,3D/Synty/POLYGON Fantasy Characters - Low Poly 3D Art by Synty v1.2.unitypackage,https://assetstore.unity.com/packages/3d/characters/humanoids/fantasy/polygon-fantasy-characters-pack-art-by-synty-97186
POLYGON - Fantasy Kingdom Pack - Art by Synty,POLYGON Fantasy Kingdom - Low Poly 3D Art by Synty,Synty Studios,3D/Environments/Fantasy,low-poly;medieval,1.10,,167904370,True,,,False,3D/Synty/POLYGON Fantasy Kingdom - Low Poly 3D Art by Synty v1.10.unitypackage,https://assetstore.unity.com/packages/3d/environments/fantasy/polygon-fantasy-kingdom-pack-art-by-synty-164532
POLYGON - Fantasy Rivals Pack - Art by Synty,POLYGON Fantasy Rivals - Low Poly 3D Art by Synty,Synty Studios,3D/Characters/Humanoids/Fantasy,low-poly;medieval,1.3.1,2025-02-28,9407030,True,,,False,3D/Synty/POLYGON Fantasy Rivals - Low Poly 3D Art by Synty v1.3.1 (28 Feb 2025).unitypackage,https://assetstore.unity.com/packages/3d/characters/humanoids/fantasy/polygon-fantasy-rivals-pack-art-by-synty-118399
POLYGON - Farm Pack - Art by Synty,POLYGON Farm - Low Poly 3D Art by Synty,Synty Studios,3D/Environments/Industrial,low-poly,1.6.4,2025-05-12,27728893,True,,,False,3D/Synty/POLYGON Farm - Low Poly 3D Art by Synty v1.6.4 (12 May 2025).unitypackage,https://assetstore.unity.com/packages/3d/environments/industrial/polygon-farm-pack-art-by-synty-146192
POLYGON - Frog Shrine,POLYGON - Frog Shrine,,3D,low-poly,1.0.0,,1288539,True,,,False,3D/Synty/POLYGON - Frog Shrine v1.0.0.unitypackage,
POLYGON - Gang Warfare Pack - Art by Synty,POLYGON Gang Warfare - Low Poly 3D Art by Synty,Synty Studios,3D/Environments/Industrial,low-poly,1.04,,25433031,True,,,False,3D/Synty/POLYGON Gang Warfare - Low Poly 3D Art by Synty v1.04.unitypackage,https://assetstore.unity.com/packages/3d/environments/industrial/polygon-gang-warfare-pack-art-by-synty-150589
POLYGON HearseKit,POLYGON HearseKit,,3D,low-poly;template,1.0.2,,3715584,True,,,False,3D/Synty/POLYGON_HearseKit_Unity_2021_3_v1_0_2.unitypackage,
POLYGON - Heist Pack - Art by Synty,POLYGON Heist - Low Poly 3D Art by Synty,Synty Studios,3D/Environments/Urban,low-poly,1.9,,11365924,True,,,False,3D/Synty/POLYGON Heist - Low Poly 3D Art by Synty v1.9.unitypackage,https://assetstore.unity.com/packages/3d/environments/urban/polygon-heist-pack-art-by-synty-97949
POLYGON - Horror Carnival Pack - Art by Synty,POLYGON Horror Carnival - Low Poly 3D Art by Synty,Synty Studios,3D/Environments/Fantasy,horror;low-poly;vehicle,1.02,,89300305,True,,,False,3D/Synty/POLYGON Horror Carnival - Low Poly 3D Art by Synty v1.02.unitypackage,https://assetstore.unity.com/packages/3d/environments/fantasy/polygon-horror-carnival-pack-art-by-synty-266862
POLYGON - Horror Mansion Pack - Art by Synty,POLYGON Horror Mansion - Low Poly 3D Art by Synty,Synty Studios,3D/Environments/Fantasy,horror;low-poly,1.06,,84292445,True,,,False,3D/Synty/POLYGON Horror Mansion - Low Poly 3D Art by Synty v1.06.unitypackage,https://assetstore.unity.com/packages/3d/environments/fantasy/polygon-horror-mansion-pack-art-by-synty-213346
POLYGON Horse - Low Poly 3D Art by Synty,POLYGON Horse - Low Poly 3D Art by Synty,Synty Studios,3D/Characters/Animals/Mammals,low-poly,2.0,,1539220,True,,,False,3D/Synty/POLYGON Horse - Low Poly 3D Art by Synty v2.0.unitypackage,https://assetstore.unity.com/packages/3d/characters/animals/mammals/polygon-horse-low-poly-3d-art-by-synty-112452
POLYGON - Icons Pack - Art by Synty,POLYGON Icons Pack - Low Poly 3D Art by Synty,Synty Studios,3D/GUI,low-poly;ui,1.01,,16678094,True,,,False,3D/Synty/POLYGON Icons Pack - Low Poly 3D Art by Synty v1.01.unitypackage,https://assetstore.unity.com/packages/3d/gui/polygon-icons-pack-art-by-synty-202117
POLYGON - Kids Pack - Art by Synty,POLYGON - Kids Pack,Synty Studios,3D/Characters/Humanoids/Humans,low-poly,1.0,,61855109,True,,,False,3D/Synty/POLYGON - Kids Pack v1.0.unitypackage,https://assetstore.unity.com/packages/3d/characters/humanoids/humans/polygon-kids-pack-art-by-synty-180629
POLYGON - Knights Pack - Art by Synty,POLYGON Knights - Low Poly 3D Art by Synty,Synty Studios,3D/Environments/Fantasy,low-poly;medieval,1.5,,29473065,True,,,False,3D/Synty/POLYGON Knights - Low Poly 3D Art by Synty v1.5.unitypackage,https://assetstore.unity.com/packages/3d/environments/fantasy/polygon-knights-pack-art-by-synty-83694
POLYGON - Legendary Chest,POLYGON - Legendary Chest,,3D,low-poly;prop,1.0,,1115044,True,,,False,3D/Synty/POLYGON - Legendary Chest v1.0.unitypackage,
Polygon Level Building Pack,Polygon Level Building Pack,SoulGames,3D/Props,low-poly,1.1,,35850457,True,,,False,3D/Synty/Polygon Level Building Pack v1.1.unitypackage,https://assetstore.unity.com/packages/3d/props/polygon-level-building-pack-246667
Polygon Material Painter - Sub-Mesh Editor,Polygon Material Painter - Sub-Mesh Editor,KAMGAM,Tools/Modeling,editor-tool;low-poly,1.5.0,2024-09-11,1922893,True,,,False,3D/Synty/Polygon Material Painter - Sub-Mesh Editor v1.5.0 (11 Sep 2024).unitypackage,https://assetstore.unity.com/packages/tools/modeling/polygon-material-painter-sub-mesh-editor-246853
POLYGON Meadow Forest - Nature Biomes - Low Poly 3D Art by Synty,POLYGON Meadow Forest - Nature Biomes - Low Poly 3D Art by Synty,,3D,environment;low-poly,1.9.1,,309889422,True,,,False,3D/Synty/POLYGON Meadow Forest - Nature Biomes - Low Poly 3D Art by Synty v1.9.1.unitypackage,
POLYGON Meadow Forest - Nature Biomes - Low Poly 3D Art by Synty,POLYGON Meadow Forest - Nature Biomes - Low Poly 3D Art by Synty,,3D,environment;low-poly,1.02,,304728044,False,,,False,3D/Synty/POLYGON Meadow Forest - Nature Biomes - Low Poly 3D Art by Synty v1.02.unitypackage,
POLYGON - Mech Pack - Art by Synty,POLYGON - Mech Pack - Low Poly 3D Art by Synty,Synty Studios,3D/Characters/Robots,low-poly,1.2,,95181727,True,,,False,3D/Synty/POLYGON - Mech Pack - Low Poly 3D Art by Synty v1.2.unitypackage,https://assetstore.unity.com/packages/3d/characters/robots/polygon-mech-pack-art-by-synty-262118
POLYGON - Military Pack - Art by Synty,POLYGON Military - Low Poly 3D Art by Synty,Synty Studios,3D/Environments/Historic,low-poly,1.02,,133490114,True,,,False,3D/Synty/POLYGON Military - Low Poly 3D Art by Synty v1.02.unitypackage,https://assetstore.unity.com/packages/3d/environments/historic/polygon-military-pack-art-by-synty-176304
POLYGON MINI - Fantasy Pack - Art by Synty,POLYGON MINI - Fantasy Pack,Synty Studios,3D/Props/Exterior,low-poly;medieval,1.3.0,,8673578,True,,,False,3D/Synty/POLYGON MINI - Fantasy Pack v1.3.0.unitypackage,https://assetstore.unity.com/packages/3d/props/exterior/polygon-mini-fantasy-pack-art-by-synty-96800
POLYGON - Modular Fantasy Hero Characters Pack - Art by Synty,POLYGON Modular Fantasy Hero Characters - Low Poly 3D Art by Synty,Synty Studios,3D/Characters/Humanoids/Fantasy,character;low-poly;medieval,1.3.2,2025-05-12,55156269,True,,,False,3D/Synty/POLYGON Modular Fantasy Hero Characters - Low Poly 3D Art by Synty v1.3.2 (12 May 2025).unitypackage,https://assetstore.unity.com/packages/3d/characters/humanoids/fantasy/polygon-modular-fantasy-hero-characters-pack-art-by-synty-143468
POLYGON - Nature Pack - Art by Synty,POLYGON Nature - Low Poly 3D Art by Synty,Synty Studios,3D/Vegetation/Trees,environment;low-poly,1.15,,61380894,True,,,False,3D/Synty/POLYGON Nature - Low Poly 3D Art by Synty v1.15.unitypackage,https://assetstore.unity.com/packages/3d/vegetation/trees/polygon-nature-pack-art-by-synty-120152
POLYGON NatureBiomes MeadowForest,POLYGON NatureBiomes MeadowForest,,3D,environment;low-poly,1.9.2,,306647436,True,,,False,3D/Synty/POLYGON_NatureBiomes_MeadowForest_Unity_2021_3_v1_9_2.unitypackage,
POLYGON NatureBiomes SwampMarshland,POLYGON NatureBiomes SwampMarshland,,3D,environment;low-poly,1.9.1,,160150075,True,,,False,3D/Synty/POLYGON_NatureBiomes_SwampMarshland_Unity_2021_3_v1_9_1.unitypackage,
POLYGON NatureBiomes TropicalJungle,POLYGON NatureBiomes TropicalJungle,,3D,environment;low-poly,1.9.1,,177170852,True,,,False,3D/Synty/POLYGON_NatureBiomes_TropicalJungle_Unity_2021_3_v1_9_1.unitypackage,
POLYGON - Nightclubs Pack - Art by Synty,POLYGON Nightclubs - Low Poly 3D Art by Synty,Synty Studios,3D/Environments/Urban,low-poly,1.01,,234748928,True,,,False,3D/Synty/POLYGON Nightclubs - Low Poly 3D Art by Synty v1.01.unitypackage,https://assetstore.unity.com/packages/3d/environments/urban/polygon-nightclubs-pack-art-by-synty-216721
POLYGON - Office Pack - Art by Synty,POLYGON Office - Low Poly 3D Art by Synty,Synty Studios,3D/Props/Interior,low-poly,1.07,,35816276,True,,,False,3D/Synty/POLYGON Office - Low Poly 3D Art by Synty v1.07.unitypackage,https://assetstore.unity.com/packages/3d/props/interior/polygon-office-pack-art-by-synty-159492
POLYGON - Particle FX Pack - Art by Synty,POLYGON Particle FX,Synty Studios,VFX/Particles,low-poly;vfx,1.3.2,,8278794,True,,,False,VFX/Particles/POLYGON_Particle_FX_Unity_2021_3_v1_3_2.unitypackage,https://assetstore.unity.com/packages/vfx/particles/polygon-particle-fx-pack-art-by-synty-168372
POLYGON - Pirates Pack,POLYGON - Pirates Pack,,3D,low-poly,,,33417933,False,,,False,3D/Synty/POLYGON - Pirates Pack.unitypackage,
POLYGON - Prototype Pack - Art by Synty,POLYGON Prototype,Synty Studios,3D/Environments,low-poly,1.9.1,,123986475,True,,,False,3D/Synty/POLYGON_Prototype_Unity_2022_3_v1_9_1.unitypackage,https://assetstore.unity.com/packages/3d/environments/polygon-prototype-pack-art-by-synty-137126
POLYGON - Prototype Pack - Art by Synty,POLYGON Prototype - Low Poly 3D Art by Synty,Synty Studios,3D/Environments,low-poly,,,14681425,False,,,False,3D/Synty/POLYGON Prototype - Low Poly 3D Art by Synty.unitypackage,https://assetstore.unity.com/packages/3d/environments/polygon-prototype-pack-art-by-synty-137126
POLYGON Prototype SourceFiles v4,POLYGON Prototype SourceFiles v4,,3D,low-poly,,,46701640,False,,,True,3D/Synty/POLYGON_Prototype_SourceFiles_v4.zip,
POLYGON - Samurai Pack - Art by Synty,POLYGON Samurai - Low Poly 3D Art by Synty,Synty Studios,3D/Environments,low-poly,1.6,,19730724,True,,,False,3D/Synty/POLYGON Samurai - Low Poly 3D Art by Synty v1.6.unitypackage,https://assetstore.unity.com/packages/3d/environments/polygon-samurai-pack-art-by-synty-89551
POLYGON - Sci-Fi City Pack - Art by Synty,POLYGON Sci-Fi City - Low Poly 3D Art by Synty,Synty Studios,3D/Environments/Sci-Fi,environment;low-poly;sci-fi,1.22,,46939399,True,,,False,3D/Synty/POLYGON Sci-Fi City - Low Poly 3D Art by Synty v1.22.unitypackage,https://assetstore.unity.com/packages/3d/environments/sci-fi/polygon-sci-fi-city-pack-art-by-synty-115950
POLYGON - Sci-Fi Cyber City Pack - Art by Synty,POLYGON Sci-Fi Cyber City - Low Poly 3D Art by Synty,Synty Studios,3D/Environments/Sci-Fi,environment;low-poly;sci-fi,1.1,,203708043,True,,,False,3D/Synty/POLYGON Sci-Fi Cyber City - Low Poly 3D Art by Synty v1.1.unitypackage,https://assetstore.unity.com/packages/3d/environments/sci-fi/polygon-sci-fi-cyber-city-pack-art-by-synty-259784
POLYGON - Sci-Fi Space Pack - Art by Synty,POLYGON Sci-Fi Space - Low Poly 3D Art by Synty,Synty Studios,3D/Environments/Sci-Fi,low-poly;sci-fi,1.13.0,,86618674,True,,,False,3D/Synty/POLYGON Sci-Fi Space - Low Poly 3D Art by Synty v1.13.0.unitypackage,https://assetstore.unity.com/packages/3d/environments/sci-fi/polygon-sci-fi-space-pack-art-by-synty-138857
POLYGON - Sci-Fi Worlds Pack - Art by Synty,POLYGON Sci-Fi Worlds - Low Poly 3D Art by Synty,Synty Studios,3D/Environments/Sci-Fi,low-poly;sci-fi,1.08,,231925444,True,,,False,3D/Synty/POLYGON Sci-Fi Worlds - Low Poly 3D Art by Synty v1.08.unitypackage,https://assetstore.unity.com/packages/3d/environments/sci-fi/polygon-sci-fi-worlds-pack-art-by-synty-206299
POLYGON - Shops Pack - Art by Synty,POLYGON Shops Pack - Low Poly 3D Art by Synty,Synty Studios,3D/Environments/Urban,low-poly,1.5.0,,124225701,True,,,False,3D/Synty/POLYGON Shops Pack - Low Poly 3D Art by Synty v1.5.0.unitypackage,https://assetstore.unity.com/packages/3d/environments/urban/polygon-shops-pack-art-by-synty-199026
POLYGON - Snow Kit - Art by Synty,POLYGON Snow Kit - Low Poly 3D Art by Synty,Synty Studios,3D/Characters,low-poly;template,1.3,,3124878,True,,,False,3D/Synty/POLYGON Snow Kit - Low Poly 3D Art by Synty v1.3.unitypackage,https://assetstore.unity.com/packages/3d/characters/polygon-snow-kit-art-by-synty-134501
POLYGON - Spy Kit - Art by Synty,POLYGON Spy Kit - Low Poly 3D Art by Synty,Synty Studios,3D/Vehicles,low-poly;template,1.2.0,,2201508,True,,,False,3D/Synty/POLYGON Spy Kit - Low Poly 3D Art by Synty v1.2.0.unitypackage,https://assetstore.unity.com/packages/3d/vehicles/polygon-spy-kit-art-by-synty-143396
POLYGON - Street Racer - Art by Synty,POLYGON - Street Racer - Low Poly 3D Art by Synty,Synty Studios,3D/Vehicles/Land,low-poly,1.2.0,,130031190,True,,,False,3D/Synty/POLYGON - Street Racer - Low Poly 3D Art by Synty v1.2.0.unitypackage,https://assetstore.unity.com/packages/3d/vehicles/land/polygon-street-racer-art-by-synty-194800
POLYGON style zombies pack,POLYGON style zombies pack,Irondust,3D/Characters,character;low-poly,1.0,,536184,True,,,False,3D/Synty/POLYGON style zombies pack v1.0.unitypackage,https://assetstore.unity.com/packages/3d/characters/polygon-style-zombies-pack-121574
POLYGON Swamp Marshland - Nature Biomes - Low Poly 3D Art by Synty,POLYGON Swamp Marshland - Nature Biomes - Low Poly 3D Art by Synty,,3D,environment;low-poly,1.02,,145962384,True,,,False,3D/Synty/POLYGON Swamp Marshland - Nature Biomes - Low Poly 3D Art by Synty v1.02.unitypackage,
POLYGON - Town Pack - Art by Synty,POLYGON Town Pack - Low Poly 3D Art by Synty,Synty Studios,3D/Environments/Urban,low-poly,1.8.4,2025-02-25,28565001,True,,,False,3D/Synty/POLYGON Town Pack - Low Poly 3D Art by Synty v1.8.4 (25 Feb 2025).unitypackage,https://assetstore.unity.com/packages/3d/environments/urban/polygon-town-pack-art-by-synty-121115
POLYGON - Vikings Pack - Art by Synty,POLYGON Vikings - Low Poly 3D Art by Synty,Synty Studios,3D/Environments/Fantasy,low-poly,,,21192805,False,,,False,3D/Synty/POLYGON Vikings - Low Poly 3D Art by Synty.unitypackage,https://assetstore.unity.com/packages/3d/environments/fantasy/polygon-vikings-pack-art-by-synty-85664
POLYGON - War Pack - Art by Synty,POLYGON War - Low Poly 3D Art by Synty,Synty Studios,3D/Environments/Historic,low-poly,1.9,,62696372,True,,,False,3D/Synty/POLYGON War - Low Poly 3D Art by Synty v1.9.unitypackage,https://assetstore.unity.com/packages/3d/environments/historic/polygon-war-pack-art-by-synty-106992
POLYGON - War Map WWI - Art by Synty,POLYGON War Map - WWI - Low Poly 3D Art by Synty,Synty Studios,3D/Environments/Historic,low-poly,1.01,,20471188,True,,,False,3D/Synty/POLYGON War Map - WWI - Low Poly 3D Art by Synty v1.01.unitypackage,https://assetstore.unity.com/packages/3d/environments/historic/polygon-war-map-wwi-art-by-synty-169085
POLYGON Werewolf 2021 3,POLYGON Werewolf 2021 3,,3D,low-poly,1.1.1,,2486553,True,,,False,3D/Synty/POLYGON_Werewolf_2021_3_v1_1_1.unitypackage,
POLYGON Werewolf SourceFiles v3,POLYGON Werewolf SourceFiles v3,,3D,low-poly,,,3976388,False,,,True,3D/Synty/POLYGON_Werewolf_SourceFiles_v3.zip,
POLYGON - Western Frontier Pack - Art by Synty,POLYGON Western Frontier - Low Poly 3D Art by Synty,Synty Studios,3D/Environments/Historic,low-poly,1.6.2,2025-02-28,28242148,True,,,False,3D/Synty/POLYGON Western Frontier - Low Poly 3D Art by Synty v1.6.2 (28 Feb 2025).unitypackage,https://assetstore.unity.com/packages/3d/environments/historic/polygon-western-frontier-pack-art-by-synty-130564
POLYGON - Western Pack - Art by Synty,POLYGON Western - Low Poly 3D Art by Synty,Synty Studios,3D/Environments/Historic,low-poly,,,19529812,False,,,False,3D/Synty/POLYGON Western - Low Poly 3D Art by Synty.unitypackage,https://assetstore.unity.com/packages/3d/environments/historic/polygon-western-pack-art-by-synty-112212
Polygonal Creatures Pack 2,Polygonal Creatures Pack 2,Meshtint Studio,3D/Characters/Creatures,character;low-poly,1.0,,38311264,True,,,False,3D/Meshtint Studio/Polygonal Creatures Pack 2 v1.0.unitypackage,https://assetstore.unity.com/packages/3d/characters/creatures/polygonal-creatures-pack-2-160879
Polygonal Fantasy Pack,Polygonal Fantasy Pack,Meshtint Studio,3D/Characters/Humanoids/Fantasy,low-poly;medieval,1.3,,26631903,True,,,False,3D/Meshtint Studio/Polygonal Fantasy Pack v1.3.unitypackage,https://assetstore.unity.com/packages/3d/characters/humanoids/fantasy/polygonal-fantasy-pack-133042
Polyquest Worlds Full Pack Vol.1,Polyquest Worlds Full Pack Vol1,POLYBOX,3D/Environments,,8.0,,1132250092,True,,,False,3D/Polyquest Worlds Full Pack Vol1 v8.0.unitypackage,https://assetstore.unity.com/packages/3d/environments/polyquest-worlds-full-pack-vol-1-74631
"Power Pivot - Rotate, Scale, Edit, Snap & Pivot Editor",Power Pivot - Rotate Scale Edit Snap Pivot Editor,KAMGAM,Tools/Utilities,editor-tool,2.0.6,,899704,True,,,False,Tools/Power Pivot - Rotate Scale Edit Snap Pivot Editor v2.0.6.unitypackage,https://assetstore.unity.com/packages/tools/utilities/power-pivot-rotate-scale-edit-snap-pivot-editor-267036
Powerful Sword Pack(Great Sword + Katana),Powerful Sword Pack(Great Sword Katana),Grruzam,3D/Animations,,2.1.3,2025-07-08,210834054,True,,,False,3D/Animations/Grruzam/Powerful Sword Pack(Great Sword Katana) v2.1.3 (08 Jul 2025).unitypackage,https://assetstore.unity.com/packages/3d/animations/powerful-sword-pack-great-sword-katana-183324
Prefab Brush+,Prefab Brush,Archie Andrews,Tools/Utilities,editor-tool,1.3.11,,302886,True,,,False,Tools/Prefab Brush v1.3.11.unitypackage,https://assetstore.unity.com/packages/tools/utilities/prefab-brush-44846
Prefab Brush - Easy Object Placement Tool & Level Designer,Prefab Brush - Easy Object Placement Tool Level Designer,Harpia Games Studio,Tools/Level Design,editor-tool,1.5.7,,3073802,True,,,False,Tools/Prefab Brush - Easy Object Placement Tool Level Designer v1.5.7.unitypackage,https://assetstore.unity.com/packages/tools/level-design/prefab-brush-easy-object-placement-tool-level-designer-260560
Prefab Fixer & Replacer Tool,Prefab Fixer Replacer Tool,KAMGAM,Tools/Utilities,editor-tool,1.2.3,2024-09-11,2470459,True,,,False,Tools/Prefab Fixer Replacer Tool v1.2.3 (11 Sep 2024).unitypackage,https://assetstore.unity.com/packages/tools/utilities/prefab-fixer-replacer-tool-229947
Prefab World Builder,Prefab World Builder,Plugin Master,Tools/Level Design,editor-tool,4.12.2,,3607970,True,,,False,Tools/Prefab World Builder v4.12.2.unitypackage,https://assetstore.unity.com/packages/tools/level-design/prefab-world-builder-185406
Pro Sound Collection,Pro Sound Collection,Gamemaster Audio,Audio/Sound FX,sfx,1.3,,2121358051,True,,same-size-same-version-different-folder,False,Audio/Pro Sound Collection v1.3.unitypackage,https://assetstore.unity.com/packages/audio/sound-fx/pro-sound-collection-50235
Pro Sound Collection,Pro Sound Collection,Gamemaster Audio,Audio/Sound FX,sfx,1.3,,2121358051,False,,same-size-same-version-different-folder,False,Pro Sound Collection v1.3.unitypackage,https://assetstore.unity.com/packages/audio/sound-fx/pro-sound-collection-50235
Procedural Generation Grid,Procedural Generation Grid,,Tools,editor-tool,1.6.6.2,2024-12-03,36035431,True,,,False,Tools/Procedural Generation Grid (Beta) v1.6.6.2 (03 Dec 2024).unitypackage,
ProPixelizer - Realtime 3D Pixel Art,ProPixelizer - Realtime 3D Pixel Art,ElliotB256,VFX/Shaders/Fullscreen & Camera Effects,editor-tool;prop,1.8.2,,1883339,True,,,False,Tools/ProPixelizer - Realtime 3D Pixel Art v1.8.2.unitypackage,https://assetstore.unity.com/packages/vfx/shaders/fullscreen-camera-effects/propixelizer-realtime-3d-pixel-art-177877
Proxima Runtime Inspector + Console,Proxima Runtime Inspector Console,Virtual Maker,Tools/Utilities,editor-tool,1.4.0,,2267957,True,,,False,Proxima Runtime Inspector Console v1.4.0.unitypackage,https://assetstore.unity.com/packages/tools/utilities/proxima-runtime-inspector-console-244788
Punch Sound Pack,Punch Sound Pack,Gamemaster Audio,Audio/Sound FX,sfx,1.0,,17128712,True,,,False,Audio/Punch Sound Pack v1.0.unitypackage,https://assetstore.unity.com/packages/audio/sound-fx/punch-sound-pack-58260
Pure Nature,Pure Nature,BK,3D/Environments,environment,1.2,,970125031,True,,,False,Pure Nature v1.2.unitypackage,https://assetstore.unity.com/packages/3d/environments/pure-nature-188246
Pure Nature 2 : Fantasy Forest,Pure Nature 2 Fantasy Forest,BK,3D/Environments,environment;medieval,2.0,,905980296,True,,,False,Pure Nature 2 Fantasy Forest v2.0.unitypackage,https://assetstore.unity.com/packages/3d/environments/pure-nature-2-fantasy-forest-282665
Pure Nature 2 : Islands,Pure Nature 2 Islands,BK,3D/Environments,environment,2.1,2025-04-02,669610658,True,,,False,Pure Nature 2 Islands v2.1 (02 Apr 2025).unitypackage,https://assetstore.unity.com/packages/3d/environments/pure-nature-2-islands-269112
Pure Nature 2 : Jungle,Pure Nature 2 Jungle,BK,3D/Environments,environment,1.0,,1132408925,True,,,False,Pure Nature 2 Jungle v1.0.unitypackage,https://assetstore.unity.com/packages/3d/environments/pure-nature-2-jungle-296552
Pure Nature 2 : Meadows,Pure Nature 2 Meadows,BK,3D/Environments,environment,2.1,2025-04-01,680910815,True,,,False,Pure Nature 2 Meadows v2.1 (01 Apr 2025).unitypackage,https://assetstore.unity.com/packages/3d/environments/pure-nature-2-meadows-269085
Pure Nature 2 : Mountains,Pure Nature 2 Mountains,BK,3D/Environments,environment,2.1,2025-04-01,1066060625,True,,,False,Pure Nature 2 Mountains v2.1 (01 Apr 2025).unitypackage,https://assetstore.unity.com/packages/3d/environments/pure-nature-2-mountains-269088
Pure Nature 2 : Oasis Desert,Pure Nature 2 Oasis Desert,BK,3D/Environments,environment,1.1,2025-04-02,1998847197,True,,,False,Pure Nature 2 Oasis Desert v1.1 (02 Apr 2025).unitypackage,https://assetstore.unity.com/packages/3d/environments/pure-nature-2-oasis-desert-299314
Quantum Console,Quantum Console,QFSW,Tools/Utilities,editor-tool,2.6.7,2025-05-27,3392025,True,,,False,Tools/Quantum Console v2.6.7 (27 May 2025).unitypackage,https://assetstore.unity.com/packages/tools/utilities/quantum-console-211046
Quests 2 | Game Creator 2,Quests 2 Game Creator 2 by Catsoft Works,Catsoft Works,Tools/Utilities,editor-tool,2.3.9,2024-10-18,706246,True,,,False,Tools/Game Creator/Quests 2 Game Creator 2 by Catsoft Works v2.3.9 (18 Oct 2024).unitypackage,https://assetstore.unity.com/packages/tools/utilities/quests-2-game-creator-2-232532
Radiant Global Illumination,Radiant Global Illumination,Kronnect,VFX/Shaders/Fullscreen & Camera Effects,lighting,20.3.1,,33727571,True,,,False,Radiant Global Illumination v20.3.1.unitypackage,https://assetstore.unity.com/packages/vfx/shaders/fullscreen-camera-effects/radiant-global-illumination-225934
Ragdoll Animator 2,Ragdoll Animator 2,FImpossible Creations,Tools/Physics,editor-tool,1.0.4.0,2025-08-05,21670507,True,,,False,Tools/Ragdoll Animator 2 v1.0.4.0 (05 Aug 2025).unitypackage,https://assetstore.unity.com/packages/tools/physics/ragdoll-animator-2-285638
RapidIcon | In-Editor Icon Generator,RapidIcon In-Editor Icon Generator,Joe Patrick,Tools/Utilities,editor-tool;ui,1.7.4,,325500,True,,,False,Tools/RapidIcon In-Editor Icon Generator v1.7.4.unitypackage,https://assetstore.unity.com/packages/tools/utilities/rapidicon-in-editor-icon-generator-204667
Rapier Anim Set,Rapier Anim Set,wemakethegame,3D/Animations,,1.2,,432916640,True,,,False,3D/Animations/Wemakethegame/Rapier Anim Set v1.2.unitypackage,https://assetstore.unity.com/packages/3d/animations/rapier-anim-set-148084
Raycast Pro,Raycast Pro,,Tools,editor-tool,1.1.5B,,16792580,True,,,False,Tools/Raycast Pro v1.1.5B.unitypackage,
Raycast Pro,RaycastPro,Philosophers,Tools/Physics,editor-tool,,,11091205,False,,,False,Tools/RaycastPro.unitypackage,https://assetstore.unity.com/packages/tools/physics/raycast-pro-214714
RayFire for Unity,RayFire for Unity,,Tools,editor-tool,1.80,2025-04-08,77614802,True,,,False,Tools/RayFire for Unity v1.80 (08 Apr 2025).unitypackage,
Reach - Complete Sci-Fi UI,Reach - Complete Sci-Fi UI,Michsky,2D/GUI,sci-fi;ui,1.3.10,,56133747,True,,,False,2D/GUI/Reach - Complete Sci-Fi UI v1.3.10.unitypackage,https://assetstore.unity.com/packages/2d/gui/reach-complete-sci-fi-ui-227547
RealBlend - Mesh Painting Creation,RealBlend - Mesh Painting Creation,,Tools,editor-tool,,,172978283,False,,,False,Tools/RealBlend - Mesh Painting Creation.unitypackage,
Realistic Car Controller Pro,Realistic Car Controller Pro,BoneCracker Games,Tools/Physics,editor-tool;vehicle,1.91.1,,259002616,True,,,False,Tools/Realistic Car Controller Pro v1.91.1.unitypackage,https://assetstore.unity.com/packages/tools/physics/realistic-car-controller-pro-178967
RealToon (Pro Anime/Toon Shader),RealToon Pro AnimeToon Shader,MJQ Studio Works,VFX/Shaders,shader;stylized;vfx,5.0.13,2025-08-01,96124527,True,,,False,VFX/RealToon Pro AnimeToon Shader v5.0.13 (01 Aug 2025).unitypackage,https://assetstore.unity.com/packages/vfx/shaders/realtoon-pro-anime-toon-shader-65518
ReplaceWithPrefabs,ReplaceWithPrefabs,,Tools,editor-tool,,,2570,False,broken,,False,Tools/ReplaceWithPrefabs.zip,
Retarget Pro V5,Retarget Pro,KINEMATION,Tools/Animation,editor-tool,4.2.0,2025-11-09,4429328,True,,,False,Tools/Retarget Pro v4.2.0 (09 Nov 2025).unitypackage,https://assetstore.unity.com/packages/tools/animation/retarget-pro-v5-379204
Retarget Pro V5,Retarget Pro,KINEMATION,Tools/Animation,editor-tool,4.1.0,2025-06-21,4418133,False,,,False,Tools/Retarget Pro v4.1.0 (21 Jun 2025).unitypackage,https://assetstore.unity.com/packages/tools/animation/retarget-pro-v5-379204
Retarget Pro - Humanoid Baker,Retarget Pro - Humanoid Baker,FangLiu Dong,Tools/Animation,character;editor-tool,1.0.4,2025-06-30,33503654,True,,,False,Tools/Retarget Pro - Humanoid Baker v1.0.4 (30 Jun 2025).unitypackage,https://assetstore.unity.com/packages/tools/animation/retarget-pro-humanoid-baker-317248
Retarget Pro V5,Retarget Pro V5,,Tools,editor-tool,5.2.1,,11059843,True,,,False,Tools/Retarget Pro V5 v5.2.1.unitypackage,
Retro Horror Template,Retro Horror Template,RetroGig,Templates/Systems,horror;template,3.1,2025-02-03,109278563,True,,same-size-same-folder,False,Templates/Retro Horror Template v3.1 (03 Feb 2025).unitypackage,https://assetstore.unity.com/packages/templates/systems/retro-horror-template-244541
Retro Horror Template,Retro Horror Template,RetroGig,Templates/Systems,horror;template,,,109278563,False,,same-size-same-folder,False,Templates/Retro Horror Template.unitypackage,https://assetstore.unity.com/packages/templates/systems/retro-horror-template-244541
ReverseDualBlade Animset,ReverseDualBlade Animset,wemakethegame,3D/Animations,animation,1.1,,256118398,True,,,False,3D/Animations/Wemakethegame/ReverseDualBlade Animset v1.1.unitypackage,https://assetstore.unity.com/packages/3d/animations/reversedualblade-animset-207777
Rewired,Rewired,Guavaman Enterprises,Tools/Input Management,editor-tool,1.1.59.0,2025-06-08,35472046,True,,,False,Tools/Rewired v1.1.59.0 (08 Jun 2025).unitypackage,https://assetstore.unity.com/packages/tools/input-management/rewired-21676
Rhythm Game Starter - Create your rhythm!,Rhythm Game Starter - Create your rhythm,BennyKok,Templates/Systems,template,0.11.0,,41844231,True,,,False,Rhythm Game Starter - Create your rhythm v0.11.0.unitypackage,https://assetstore.unity.com/packages/templates/systems/rhythm-game-starter-create-your-rhythm-160117
RIFLE Basic - Mocap Animation Pack,RIFLE Basic - Mocap Animation Pack,MoCap Online,3D/Animations,animation,2.7A2,,218929298,True,,,False,3D/Animations/Mocap Online/RIFLE Basic - Mocap Animation Pack vV2.7A2.unitypackage,https://assetstore.unity.com/packages/3d/animations/rifle-basic-mocap-animation-pack-26676
Rifle Mega MocapAnimPack,Rifle Mega MocapAnimPack,RIB Studio,3D/Animations,animation,1.0.1,,87535926,True,,,False,3D/Animations/Mocap Online/Rifle Mega MocapAnimPack v1.0.1.unitypackage,https://assetstore.unity.com/packages/3d/animations/rifle-mega-mocapanimpack-226324
RIFLE PRO: MoCap Animation Pack,RIFLE PRO MoCap Animation Pack,MoCap Online,3D/Animations,animation,2.5,,997626915,True,,,False,3D/Animations/Mocap Online/RIFLE PRO MoCap Animation Pack v2.5.unitypackage,https://assetstore.unity.com/packages/3d/animations/rifle-pro-mocap-animation-pack-46160
RNGNeeds - Probability Distribution,RNGNeeds - Probability Distribution,Starphase Lab,Tools/Utilities,editor-tool,0.9.9,,4055770,True,,,False,Tools/RNGNeeds - Probability Distribution v0.9.9 (Beta).unitypackage,https://assetstore.unity.com/packages/tools/utilities/rngneeds-probability-distribution-247024
Robots Ultimate Pack 02 Cute Series,Robots Ultimate Pack 02 Cute Series,Meshtint Studio,3D/Characters/Robots,stylized,1.1,,46319972,True,,,False,3D/Meshtint Studio/Robots Ultimate Pack 02 Cute Series v1.1.unitypackage,https://assetstore.unity.com/packages/3d/characters/robots/robots-ultimate-pack-02-cute-series-213777
ROCKGEN 2024 - procedural rock generator,ROCKGEN 2024 - procedural rock generator,Wiskered,Tools/Modeling,,1.0.1,,30241193,True,,,False,ROCKGEN 2024 - procedural rock generator v1.0.1.unitypackage,https://assetstore.unity.com/packages/tools/modeling/rockgen-2024-procedural-rock-generator-272579
RoomGen - Procedural Generator,RoomGen - Procedural Generator,Angular Fox Dev,Tools/Level Design,editor-tool,2.6.6,,3253549,True,,,False,Tools/RoomGen - Procedural Generator v2.6.6.unitypackage,https://assetstore.unity.com/packages/tools/level-design/roomgen-procedural-generator-215804
Rope Swinging System,Rope Swinging System,,Tools,editor-tool;template,,,51675739,False,,,False,Tools/Rope Swinging System.unitypackage,
Roulette Game,Roulette Game,Playmex Studios,Templates/Packs,,2.1,,64338006,True,,,False,Roulette Game v2.1.unitypackage,https://assetstore.unity.com/packages/templates/packs/roulette-game-81449
RPG Character Mecanim Animation Pack,RPG Character Mecanim Animation Pack,Explosive,3D/Animations,animation;character;medieval,6.4,,88723786,True,,,False,3D/Animations/Explosive/RPG Character Mecanim Animation Pack v6.4.unitypackage,https://assetstore.unity.com/packages/3d/animations/rpg-character-mecanim-animation-pack-63772
RPG Creation Kit,RPG Creation Kit,silvematt,Templates/Systems,editor-tool;medieval;template,1.9,,2770892808,True,,,False,Tools/RPG Creation Kit 1.9.unitypackage,https://assetstore.unity.com/packages/templates/systems/rpg-creation-kit-213110
RPG Editor ORK Framework 3,RPG Editor ORK Framework 3,,Tools,editor-tool;medieval;template,3.19.1,,34836799,True,,,False,Tools/RPG Editor ORK Framework 3 v3.19.1.unitypackage,
RPG Fantasy Monster Bundle #2 - 4 Characters Fantasy RPG,RPG Fantasy Monster Bundle 2 - 4 Characters Fantasy RPG,Magic Pig Games / Infinity PBR,3D/Characters/Creatures,character;medieval,4.3.2,2025-02-28,2229298947,True,,,False,3D/RPG Fantasy Monster Bundle 2 - 4 Characters Fantasy RPG v4.3.2 (28 Feb 2025).unitypackage,https://assetstore.unity.com/packages/3d/characters/creatures/rpg-fantasy-monster-bundle-2-4-characters-fantasy-rpg-59196
RPG Fantasy Monster Bundle #6 - 4 RPG / Fantasy Characters,RPG Fantasy Monster Bundle 6 - 4 RPG Fantasy Characters,Magic Pig Games / Infinity PBR,3D/Characters/Humanoids/Fantasy,character;medieval,4.3.2,2025-02-28,2637830027,True,,,False,3D/RPG Fantasy Monster Bundle 6 - 4 RPG Fantasy Characters v4.3.2 (28 Feb 2025).unitypackage,https://assetstore.unity.com/packages/3d/characters/humanoids/fantasy/rpg-fantasy-monster-bundle-6-4-rpg-fantasy-characters-175595
RPG Fantasy Monster Bundle #8 - 4 Characters Fantasy RPG,RPG Fantasy Monster Bundle 8 - 4 Characters Fantasy RPG,Magic Pig Games / Infinity PBR,3D/Characters/Creatures,character;medieval,4.3.2,2025-02-28,3460403163,True,,,False,3D/RPG Fantasy Monster Bundle 8 - 4 Characters Fantasy RPG v4.3.2 (28 Feb 2025).unitypackage,https://assetstore.unity.com/packages/3d/characters/creatures/rpg-fantasy-monster-bundle-8-4-characters-fantasy-rpg-175182
RPG Farming Kit,RPG Farming Kit,Lowscope,Templates/Packs,editor-tool;medieval;template,,,10563194,False,,,False,Tools/RPG Farming Kit.unitypackage,https://assetstore.unity.com/packages/templates/packs/rpg-farming-kit-121080
RPG Fight SFX 1,RPG Fight SFX 1,GameAudios,Audio/Sound FX,medieval;sfx,1.0,,65002516,True,,,False,Audio/RPG Fight SFX 1 v1.0.unitypackage,https://assetstore.unity.com/packages/audio/sound-fx/rpg-fight-sfx-1-201294
RPG Magic Sound Effect Pack 3 [Elemental] (AAA),RPG Magic Sound Effect Pack 3 Elemental AAA,WOW Sound,Audio/Sound FX,medieval;sfx;vfx,1.0,,623321213,True,,,False,Audio/RPG Magic Sound Effect Pack 3 Elemental AAA v1.0.unitypackage,https://assetstore.unity.com/packages/audio/sound-fx/rpg-magic-sound-effect-pack-3-elemental-aaa-191784
RPG Monster BUNDLE Polyart,RPG Monster BUNDLE Polyart,Dungeon Mason,3D/Characters/Creatures,character;medieval,1.0,,167627676,True,,,False,3D/RPG Monster BUNDLE Polyart v1.0.unitypackage,https://assetstore.unity.com/packages/3d/characters/creatures/rpg-monster-bundle-polyart-261480
RPG Monster Wave 2 PBR,RPG Monster Wave 2 PBR,Dungeon Mason,3D/Characters/Creatures,character;medieval,1.6,,81128142,True,,,False,3D/RPG Monster Wave 2 PBR v1.6.unitypackage,https://assetstore.unity.com/packages/3d/characters/creatures/rpg-monster-wave-2-pbr-173835
RPG Monster Wave 3 PBR,RPG Monster Wave 3 PBR,Dungeon Mason,3D/Characters/Creatures,character;medieval,1.1,,45054012,True,,,False,3D/RPG Monster Wave 3 PBR v1.1.unitypackage,https://assetstore.unity.com/packages/3d/characters/creatures/rpg-monster-wave-3-pbr-253591
RPG Monster Wave PBR,RPG Monster Wave PBR,Dungeon Mason,3D/Characters/Creatures,character;medieval,1.5,,44201277,True,,,False,3D/RPG Monster Wave PBR v1.5.unitypackage,https://assetstore.unity.com/packages/3d/characters/creatures/rpg-monster-wave-pbr-158727
RPG VFX Bundle,RPG VFX Bundle,Hovl Studio,VFX/Particles/Spells,medieval;vfx,5.2.4,2025-02-07,85650184,True,,,False,VFX/Particles/RPG VFX Bundle v5.2.4 (07 Feb 2025).unitypackage,https://assetstore.unity.com/packages/vfx/particles/spells/rpg-vfx-bundle-133704
RTS Mega Pack Fantasy Buildings,RTS Mega Pack Fantasy Buildings,LowlyPoly,3D/Environments/Fantasy,medieval,1.0,,551795727,True,,,False,3D/RTS Mega Pack Fantasy Buildings v1.0.unitypackage,https://assetstore.unity.com/packages/3d/environments/fantasy/rts-mega-pack-fantasy-buildings-206964
Runner Games Sound Effects and Music Pack Vol.1,Runner Games Sound Effects and Music Pack Vol.1,SwishSwoosh,Audio/Sound FX,music;sfx;vfx,2.0,,82746273,True,,,False,Audio/Runner Games Sound Effects and Music Pack Vol.1 v2.0.unitypackage,https://assetstore.unity.com/packages/audio/sound-fx/runner-games-sound-effects-and-music-pack-vol-1-205049
Sand Effects Pack,Sand Effects Pack,Hovl Studio,VFX/Particles/Environment,vfx,3.2.3,2024-12-23,12598631,True,,,False,Sand Effects Pack v3.2.3 (23 Dec 2024).unitypackage,https://assetstore.unity.com/packages/vfx/particles/environment/sand-effects-pack-129816
Sand VFX,Sand VFX,Vefects,VFX,vfx,1.0.11,2025-02-20,166989536,True,,,False,VFX/Particles/Sand VFX v1.0.11 (20 Feb 2025).unitypackage,https://assetstore.unity.com/packages/vfx/sand-vfx-265901
Saving System for DOTS,Saving System for DOTS,Thomas Enzenebner,Tools/Utilities,editor-tool;template,1.3.1,,6457390,True,,,False,Tools/Saving System for DOTS v1.3.1.unitypackage,https://assetstore.unity.com/packages/tools/utilities/saving-system-for-dots-295112
School - Low Poly 3D Models Pack,School - Low Poly Asset Pack by ithappy,ithappy,3D/Props/Interior,low-poly,1.1,,23891299,True,,,False,3D/School - Low Poly Asset Pack by ithappy v1.1.unitypackage,https://assetstore.unity.com/packages/3d/props/interior/school-low-poly-3d-models-pack-208677
Sci-Fi Game Sound Effects,Sci-Fi Game Sound Effects,Magic Sound Effects,Audio/Sound FX,sci-fi;sfx;vfx,1.0,,583181282,True,,,False,Audio/Sci-Fi Game Sound Effects v1.0.unitypackage,https://assetstore.unity.com/packages/audio/sound-fx/sci-fi-game-sound-effects-260627
Sci-Fi Scenes Pack,Sci-Fi Scenes Pack,,3D,sci-fi,,,2744834708,False,,,False,3D/Sci-Fi Scenes Pack.unitypackage,
Sci-Fi Soldier HUD - Synty INTERFACE - GUI,Sci-Fi Soldier HUD - Synty INTERFACE - GUI,Synty Studios,2D/GUI,sci-fi;ui,1.0.0,,282012195,True,,,False,2D/GUI/Sci-Fi Soldier HUD - Synty INTERFACE - GUI v1.0.0.unitypackage,https://assetstore.unity.com/packages/2d/gui/sci-fi-soldier-hud-synty-interface-gui-278336
Sci-Fi Sound Effects - Designed Sci-Fi,Sci-Fi Sound Effects - Designed Sci-Fi,Gregor Quendel,Audio/Sound FX,sci-fi;sfx;vfx,1.1,,882380861,True,,,False,Audio/Sci-Fi Sound Effects - Designed Sci-Fi v1.1.unitypackage,https://assetstore.unity.com/packages/audio/sound-fx/sci-fi-sound-effects-designed-sci-fi-224569
Sci-Fi Sounds,Sci-Fi Sounds,FORGE3D,Audio/Sound FX,sci-fi;sfx,1.0,,543070380,True,,,False,Audio/Sci-Fi Sounds v1.0.unitypackage,https://assetstore.unity.com/packages/audio/sound-fx/sci-fi-sounds-22391
SCI-FI UI Pack Pro,SCI-FI UI Pack Pro,D.F.Y. STUDIO,2D/GUI,sci-fi;ui,2.2,,202803378,True,,,False,2D/GUI/SCI-FI UI Pack Pro v2.2.unitypackage,https://assetstore.unity.com/packages/2d/gui/sci-fi-ui-pack-pro-149421
Sci-Fi Weapons Pack 1,Sci-Fi Weapons Pack 1,David Dumais Audio,Audio/Sound FX/Weapons,prop;sci-fi,1.0,,829737613,True,,,False,3D/Sci-Fi Weapons Pack 1 v1.0.unitypackage,https://assetstore.unity.com/packages/audio/sound-fx/weapons/sci-fi-weapons-pack-1-218039
Script Wizard Anim Set,Script Wizard Anim Set,wemakethegame,3D/Animations,,1.0,,206872099,True,,,False,3D/Animations/Wemakethegame/Script Wizard Anim Set v1.0.unitypackage,https://assetstore.unity.com/packages/3d/animations/script-wizard-anim-set-186463
Scriptable Sheets,Scriptable Sheets,Luna Wolf Studios LLC,Tools/Utilities,editor-tool,1.9.1,,389468,True,,,False,Tools/Scriptable Sheets v1.9.1.unitypackage,https://assetstore.unity.com/packages/tools/utilities/scriptable-sheets-284559
Scriptable Sheets,Scriptable Sheets,Luna Wolf Studios LLC,Tools/Utilities,editor-tool,1.8.0,2025-11-23,380790,False,,,False,Tools/Scriptable Sheets v1.8.0 (23 Nov 2025).unitypackage,https://assetstore.unity.com/packages/tools/utilities/scriptable-sheets-284559
(SE) Bark Howl Growl,(SE) Bark Howl Growl,,Audio,sfx,2.0,,8058888,True,,,False,Audio/(SE) Bark Howl Growl v2.0.unitypackage,
Senses Pack for Behavior Designer Pro,Senses Pack for Behavior Designer Pro,Opsive,Tools/Behavior AI,ai-pathfinding;editor-tool,1.0.3,,5006047,True,,,False,Tools/Senses Pack for Behavior Designer Pro v1.0.3.unitypackage,https://assetstore.unity.com/packages/tools/behavior-ai/senses-pack-for-behavior-designer-pro-310244
SensorToolkit 2,SensorToolkit 2,Micosmo,Tools/Behavior AI,editor-tool;template,2.5.17,2025-09-10,1986811,True,,,False,Tools/SensorToolkit 2 v2.5.17 (10 Sep 2025).unitypackage,https://assetstore.unity.com/packages/tools/behavior-ai/sensortoolkit-2-205336
Settings Game Options - Unified Menu,Settings Game Options - Unified Menu,,Tools,editor-tool,1.69,2025-11-20,15181455,True,,,False,Tools/Settings Game Options - Unified Menu v1.69 (20 Nov 2025).unitypackage,
SGSR 2 Mobile - Upscaling for Unity,SGSR 2 Mobile - Upscaling for Unity,The Naked Dev,Tools/Utilities,editor-tool,1.1.0,2025-02-07,1933474,True,,,False,Tools/SGSR 2 Mobile - Upscaling for Unity v1.1.0 (07 Feb 2025).unitypackage,https://assetstore.unity.com/packages/tools/utilities/sgsr-2-mobile-upscaling-for-unity-309198
Shader Graph Baker,Shader Graph Baker,Amazing Аssets,Tools/Utilities,shader;vfx,2025.3,2025-07-05,227558,True,,,False,VFX/Shaders/Shader Graph Baker v2025.3 (05 Jul 2025).unitypackage,https://assetstore.unity.com/packages/tools/utilities/shader-graph-baker-234395
Shatter Stone: Starter Pack,Shatter Stone Starter Pack,NV3D,3D/Props,template,,,43623484,False,,,False,Shatter Stone Starter Pack.unitypackage,https://assetstore.unity.com/packages/3d/props/shatter-stone-starter-pack-274477
Shields Pack Cute Series,Shields Pack Cute Series,Meshtint Studio,3D/Props/Weapons,stylized;urp,1.0,,6930918,True,,,False,3D/Meshtint Studio/Shields Pack Cute Series v1.0 (URP version).unitypackage,https://assetstore.unity.com/packages/3d/props/weapons/shields-pack-cute-series-195346
Shift - Complete Sci-Fi UI,Shift - Complete Sci-Fi UI,Michsky,2D/GUI,sci-fi;ui,2.0.11,,31515888,True,,,False,2D/GUI/Shift - Complete Sci-Fi UI v.2.0.11.unitypackage,https://assetstore.unity.com/packages/2d/gui/shift-complete-sci-fi-ui-157943
Shiny SSR 2 - Screen Space Reflections,Shiny SSR 2 - Screen Space Reflections,Kronnect,VFX/Shaders/Fullscreen & Camera Effects,sci-fi,24.0,2025-09-16,15901399,True,,,False,VFX/Shaders/Shiny SSR 2 - Screen Space Reflections v24.0 (16 Sep 2025).unitypackage,https://assetstore.unity.com/packages/vfx/shaders/fullscreen-camera-effects/shiny-ssr-2-screen-space-reflections-188638
Shiny SSR 2 - Screen Space Reflections,Shiny SSR 2 - Screen Space Reflections,Kronnect,VFX/Shaders/Fullscreen & Camera Effects,sci-fi,23.1,,15900160,False,,,False,Shiny SSR 2 - Screen Space Reflections v23.1.unitypackage,https://assetstore.unity.com/packages/vfx/shaders/fullscreen-camera-effects/shiny-ssr-2-screen-space-reflections-188638
SIMPLE Airport,SIMPLE Airport,,3D,,1.2.0,,6440041,True,,,False,3D/SIMPLE_Airport_Unity_2021_3_v1_2_0.unitypackage,
SIMPLE Farm,SIMPLE Farm,,3D,,1.3.1,,12897280,True,,,False,3D/SIMPLE_Farm_Unity_2021_3_v1_3_1.unitypackage,
SIMPLE Farm Source Files,SIMPLE Farm Source Files,,3D,,,,3588478,False,,,True,3D/SIMPLE_Farm_Source_Files.zip,
Simple People 3,Simple People 3,,3D,,1.02,,2237458,True,,,False,3D/Simple_People_3_Unity_2020_3_v1_02.unitypackage,
Simple Space,Simple Space,,3D,sci-fi,1.0.0,,2774237,True,,,False,3D/Simple_Space_Unity_2020_3_v1_0_0.unitypackage,
Simple Space Characters,Simple Space Characters,,3D,character;sci-fi,1.01,,1792292,True,,,False,3D/Simple_Space_Characters_Unity_2020_3_v1_01.unitypackage,
Simple Temples,Simple Temples,,3D,,1.03,,3889014,True,,,False,3D/Simple_Temples_Unity_2020_3_v1_03.unitypackage,
Simple Video Player,Simple Video Player,Glen Hunter,Tools/Video,editor-tool,1.0,,732184,True,,,False,Tools/Simple Video Player 1.0.unitypackage,https://assetstore.unity.com/packages/tools/video/simple-video-player-165955
Simulation Game System - Create your Simulator for Mobile and PC,Simulation Game System - Create your Simulator for Mobile and PC,Queen,Templates/Systems,template,2.1,2025-05-25,244225123,True,,,False,Simulation Game System - Create your Simulator for Mobile and PC v2.1 (25 May 2025).unitypackage,https://assetstore.unity.com/packages/templates/systems/simulation-game-system-create-your-simulator-for-mobile-and-pc-279510
Single-Player CCG Kit,Single-Player CCG Kit,gamevanilla,Templates/Systems,template,1.1.1EA,,12474307,True,,,False,Single-Player CCG Kit v1.1.1EA.unitypackage,https://assetstore.unity.com/packages/templates/systems/single-player-ccg-kit-150156
Skill & Attack Indicators,Skill Attack Indicators,DTT,VFX,,1.4.0,,21649021,True,,,False,Skill Attack Indicators v1.4.0.unitypackage,https://assetstore.unity.com/packages/vfx/skill-attack-indicators-221125
Sleep Anim Pack,Sleep Anim Pack,RamsterZ,3D/Animations,,1.0,,9774633,True,,,False,3D/Animations/RamsterZ/Sleep Anim Pack v1.0.unitypackage,https://assetstore.unity.com/packages/3d/animations/sleep-anim-pack-222394
Slime VFX,Slime VFX,Vefects,VFX,vfx,1.0.1,,33986463,True,,,False,Slime VFX v1.0.1.unitypackage,https://assetstore.unity.com/packages/vfx/slime-vfx-283146
SLIMES - Toon Animated Character Constructor,SLIMES - Toon Animated Character Constructor,ANIMMAL,3D/Characters,character;stylized,1.1,2023-02-10,89803259,True,,,False,3D/SLIMES - Toon Animated Character Constructor v1.1 (10 Feb 2023).unitypackage,https://assetstore.unity.com/packages/3d/characters/slimes-toon-animated-character-constructor-120469
Smart Library - Asset Manager,Smart Library - Asset Manager,Bewildered Studios,Tools/Utilities,editor-tool,2.6.1,,639420,True,,,False,Tools/Smart Library - Asset Manager v2.6.1.unitypackage,https://assetstore.unity.com/packages/tools/utilities/smart-library-asset-manager-200724
Smart UI Selection for Unity,Smart UI Selection for Unity,,2D,ui,5.0.5,,259371,True,,,False,2D/GUI/Smart UI Selection for Unity v5.0.5.unitypackage,
SmartBuilder,SmartBuilder,HeurekaGames,Tools/Level Design,editor-tool,1.2.15,2025-12-06,176119,True,,,False,Tools/SmartBuilder v1.2.15 (06 Dec 2025).unitypackage,https://assetstore.unity.com/packages/tools/level-design/smartbuilder-206777
Smoke,Smoke,FXMonster,VFX,vfx,,,704573,False,,,False,VFX/Particles/Smoke.unitypackage,https://assetstore.unity.com/packages/vfx/smoke-255728
Smooth Sync,Smooth Sync,Noble Whale Studios,Tools/Network,editor-tool,,,399300,False,,,False,Tools/Smooth Sync.unitypackage,https://assetstore.unity.com/packages/tools/network/smooth-sync-96925
Soap - ScriptableObject Architecture Pattern,Soap - ScriptableObject Architecture Pattern,Obvious Game,Tools/Utilities,editor-tool,3.5.3,2025-07-30,799730,True,,,False,Tools/Soap - ScriptableObject Architecture Pattern v3.5.3 (30 Jul 2025).unitypackage,https://assetstore.unity.com/packages/tools/utilities/soap-scriptableobject-architecture-pattern-232107
Sounds Good - Easy Optimized Audio Manager,Sounds Good - Easy Optimized Audio Manager,,Tools,editor-tool;sfx,2.2.0,,321327037,True,,,False,Tools/Sounds Good - Easy Optimized Audio Manager v2.2.0.unitypackage,
Space Combat Kit,Space Combat Kit,VSXGames,Templates/Systems,sci-fi;template,2.9.6,2025-02-02,412851404,True,,,False,Space Combat Kit v2.9.6 (02 Feb 2025).unitypackage,https://assetstore.unity.com/packages/templates/systems/space-combat-kit-108097
Spear Animation Set,Spear Animation Set,Nephilite Studios,3D/Animations,animation,2.0,,49618137,True,,,False,3D/Animations/Wemakethegame/Spear Animation Set v2.0.unitypackage,https://assetstore.unity.com/packages/3d/animations/spear-animation-set-247709
SPELLS MAGIC 1: SOUND FX PACK,SPELLS MAGIC 1 SOUND FX PACK,David Dumais Audio,Audio/Sound FX,sfx,1.0,,316651390,True,,,False,Audio/SPELLS MAGIC 1 SOUND FX PACK v1.0.unitypackage,https://assetstore.unity.com/packages/audio/sound-fx/spells-magic-1-sound-fx-pack-142439
Spells Pack,Spells Pack,Zakhan,VFX/Particles/Spells,vfx,1.3.7,,430543575,True,,,False,VFX/Particles/Spells Pack v1.3.7.unitypackage,https://assetstore.unity.com/packages/vfx/particles/spells/spells-pack-141539
Spinal Animator,Spinal Animator,FImpossible Creations,Tools/Animation,editor-tool,2.0.2,2025-03-10,5451422,True,,,False,Tools/Spinal Animator v2.0.2 (10 Mar 2025).unitypackage,https://assetstore.unity.com/packages/tools/animation/spinal-animator-128322
Spline Architect,Spline Architect,Mike Danielsson,Tools/Utilities,editor-tool,1.3.6,2025-11-05,166733028,True,,,False,Tools/Spline Architect v1.3.6 (05 Nov 2025).unitypackage,https://assetstore.unity.com/packages/tools/utilities/spline-architect-324111
Spline Mesher,Spline Mesher,,Tools,editor-tool,1.3.1,2025-10-16,4812256,True,,,False,Tools/Spline Mesher v1.3.1 (16 Oct 2025).unitypackage,
Sprite Shaders Ultimate,Sprite Shaders Ultimate,Ekincan Tas,VFX/Shaders,shader;vfx,6.12,2025-02-01,23901875,True,,,False,VFX/Shaders/Sprite Shaders Ultimate v6.12 (01 Feb 2025).unitypackage,https://assetstore.unity.com/packages/vfx/shaders/sprite-shaders-ultimate-158988
Squad Shooter | Template + Editor,Squad Shooter Template Editor,Watermelon Games,Templates/Packs,editor-tool;template,1.2.8,,57909477,True,,,False,Templates/Squad Shooter Template Editor v1.2.8.unitypackage,https://assetstore.unity.com/packages/templates/packs/squad-shooter-template-editor-274208
SrRubfish VFX 02,SrRubfish VFX 02,,,vfx,,,209423625,False,,,True,SrRubfish_VFX_02.unitypackage,
Stats 2 | Game Creator 2,Stats 2 Game Creator 2 by Catsoft Works,Catsoft Works,Tools/Utilities,editor-tool,2.6.18,2024-10-18,6700674,True,,,False,Tools/Game Creator/Stats 2 Game Creator 2 by Catsoft Works v2.6.18 (18 Oct 2024).unitypackage,https://assetstore.unity.com/packages/tools/utilities/stats-2-game-creator-2-206959
Struggle for Survival - Dark Emotional Epic Heroic Dramatic Trailer Music,Struggle for Survival - Dark Emotional Epic Heroic Dramatic Trailer Music,Epikton Music,Audio/Music,animation;character;music;sfx,1.0,,37311876,True,,,False,Audio/Struggle for Survival - Dark Emotional Epic Heroic Dramatic Trailer Music v1.0.unitypackage,https://assetstore.unity.com/packages/audio/music/struggle-for-survival-dark-emotional-epic-heroic-dramatic-traile-222142
Stylish Archer Assets Pack,Stylish Archer Assets Pack,Grruzam,3D/Animations,,1.4,,100141155,True,,,False,3D/Animations/Grruzam/Stylish Archer Assets Pack v1.4.unitypackage,https://assetstore.unity.com/packages/3d/animations/stylish-archer-assets-pack-249931
Stylish Dual Gunner Pack,Stylish Dual Gunner Pack,Grruzam,3D/Animations,,1.1,,79099868,True,,,False,3D/Animations/Grruzam/Stylish Dual Gunner Pack v1.1.unitypackage,https://assetstore.unity.com/packages/3d/animations/stylish-dual-gunner-pack-304723
Stylish Hammer Male+Female Action Pack,Stylish Hammer MaleFemale Action Pack,Grruzam,3D/Animations,,1.2,2024-05-25,105953822,True,,,False,3D/Animations/Grruzam/Stylish Hammer MaleFemale Action Pack v1.2 (25 May 2024).unitypackage,https://assetstore.unity.com/packages/3d/animations/stylish-hammer-male-female-action-pack-272197
Stylized Atlantis Textures - RPG Environment,Stylized Atlantis Textures - RPG Environment,Blink,2D/Textures & Materials,environment;medieval;stylized,1.0,,973871301,True,,,False,2D/Stylized Atlantis Textures - RPG Environment v1.0.unitypackage,https://assetstore.unity.com/packages/2d/textures-materials/stylized-atlantis-textures-rpg-environment-206182
Stylized Azure Hillside,Stylized Azure Hillside,,3D,builtin;stylized,1.0,,729550344,True,,,False,3D/Stylized Azure Hillside v1.0/Stylized Azure Hillside_Builtin_2021.3.6f1.unitypackage,
Stylized Azure Hillside,Stylized Azure Hillside,,3D,hdrp;stylized,1.0,,729501600,True,,,False,3D/Stylized Azure Hillside v1.0/Stylized Azure Hillside_HDRP_2021.3.6f1.unitypackage,
Stylized Azure Hillside,Stylized Azure Hillside,,3D,stylized;urp,1.0,,729834659,True,,,False,3D/Stylized Azure Hillside v1.0/Stylized Azure Hillside_URP_2021.3.6f1..unitypackage,
Stylized Bows & Crossbows - RPG Weapons,Stylized Bows Crossbows RPG Weapons,Blink,3D/Props/Weapons,medieval;prop;stylized,1.0,,453935616,True,,,False,3D/Stylized Bows Crossbows RPG Weapons v1.0.unitypackage,https://assetstore.unity.com/packages/3d/props/weapons/stylized-bows-crossbows-rpg-weapons-202193
Stylized Character Additional Content,Stylized Character Additional Content,N-hance Studio,3D/Characters,character;stylized,2.1.1,,559780171,True,,,False,3D/Stylized Character Additional Content v2.1.1.unitypackage,https://assetstore.unity.com/packages/3d/characters/stylized-character-additional-content-208305
Stylized Christmas Town,Stylized Christmas Town,StylArts,3D/Environments,stylized,,,520542455,False,,,False,3D/Stylized Christmas Town (Unity 2020.3.26f1).unitypackage,https://assetstore.unity.com/packages/3d/environments/stylized-christmas-town-215056
Stylized Clouds Pack,Stylized Clouds Pack,Ember Glitch,3D/Environments,skybox;stylized;vfx,2.0,,3068806,True,,,False,VFX/Particles/Stylized Clouds Pack v2.0.unitypackage,https://assetstore.unity.com/packages/3d/environments/stylized-clouds-pack-177524
Stylized Countryside House Interior,Stylized Countryside House Interior,StylArts,3D/Environments,environment;stylized,,,346030544,False,,,False,3D/Stylized Countryside House Interior (Unity 2020.3.26f1).unitypackage,https://assetstore.unity.com/packages/3d/environments/stylized-countryside-house-interior-214057
Stylized Crusader Outfit,Stylized Crusader Outfit,N-hance Studio,3D/Characters,stylized,1.3,,275323991,True,,,False,3D/Stylized Crusader Outfit v1.3.unitypackage,https://assetstore.unity.com/packages/3d/characters/stylized-crusader-outfit-228084
Stylized Cyberpunk Arcade Environment,Stylized Cyberpunk Arcade Environment,StylArts,3D/Environments/Sci-Fi,environment;sci-fi;stylized,,,142109228,False,,,False,3D/Stylized Cyberpunk Arcade Environment (Unity 2020.3.26f1).unitypackage,https://assetstore.unity.com/packages/3d/environments/sci-fi/stylized-cyberpunk-arcade-environment-215052
Stylized Element Splash Package vol.1,Stylized Element Splash Package vol1,Kyeoms,VFX/Particles,stylized;vfx,1.4,,8693395,True,,,False,VFX/Particles/Stylized Element Splash Package vol1 v1.4.unitypackage,https://assetstore.unity.com/packages/vfx/particles/stylized-element-splash-package-vol-1-196130
Stylized Element Splash Package vol.3,Stylized Element Splash Package vol3,Kyeoms,VFX/Particles,stylized;vfx,,,11185889,False,,,False,VFX/Particles/Stylized Element Splash Package vol3.unitypackage,https://assetstore.unity.com/packages/vfx/particles/stylized-element-splash-package-vol-3-207981
Stylized Explosion Pack 1,Stylized Explosion Pack 1,Effectcore,VFX/Particles,stylized;vfx,,,9251140,False,,,False,VFX/Particles/Stylized Explosion Pack 1.unitypackage,https://assetstore.unity.com/packages/vfx/particles/stylized-explosion-pack-1-79037
Stylized Fantasy Creatures Bundle #2,Stylized Fantasy Creatures Bundle 2,N-hance Studio,3D/Characters/Creatures,character;medieval;stylized,1.0,,588723803,True,,,False,3D/Stylized Fantasy Creatures Bundle 2 v1.0.unitypackage,https://assetstore.unity.com/packages/3d/characters/creatures/stylized-fantasy-creatures-bundle-2-198850
Stylized Fantasy Crystal Golem,Stylized Fantasy Crystal Golem,N-hance Studio,3D/Characters,medieval;stylized,1.0,,35089233,True,,,False,3D/Stylized Fantasy Crystal Golem v1.0.unitypackage,https://assetstore.unity.com/packages/3d/characters/stylized-fantasy-crystal-golem-249905
Stylized Fantasy Dragons Pack,Stylized Fantasy Dragons Pack,N-hance Studio,3D/Characters/Creatures,medieval;stylized,1.0,,409117039,True,,,False,3D/Stylized Fantasy Dragons Pack v1.0.unitypackage,https://assetstore.unity.com/packages/3d/characters/creatures/stylized-fantasy-dragons-pack-284093
Stylized Fantasy Dungeon Knight Outfit,Stylized Fantasy Dungeon Knight Outfit,N-hance Studio,3D/Characters,environment;medieval;stylized,,,245821700,False,,,False,3D/Stylized Fantasy Dungeon Knight Outfit.unitypackage,https://assetstore.unity.com/packages/3d/characters/stylized-fantasy-dungeon-knight-outfit-270587
Stylized Fantasy Enemy NPC Bundle,Stylized Fantasy Enemy NPC Bundle,N-hance Studio,3D/Characters,character;medieval;stylized,1.2,,1202542992,True,,,False,3D/Stylized Fantasy Enemy NPC Bundle v1.2.unitypackage,https://assetstore.unity.com/packages/3d/characters/stylized-fantasy-enemy-npc-bundle-184700
Stylized Fantasy Girls NPC Pack #3,Stylized Fantasy Girls NPC Pack 3,N-hance Studio,3D/Characters,character;medieval;stylized,1.0,,303972795,True,,,False,3D/Stylized Fantasy Girls NPC Pack 3 v1.0.unitypackage,https://assetstore.unity.com/packages/3d/characters/stylized-fantasy-girls-npc-pack-3-291900
STYLIZED Fantasy Market - Low Poly 3D Art,STYLIZED Fantasy Market - Low Poly 3D Art,Daniel Mistage,3D/Environments/Fantasy,low-poly;medieval;stylized,1.02,,16063270,True,,,False,3D/STYLIZED Fantasy Market - Low Poly 3D Art v1.02.unitypackage,https://assetstore.unity.com/packages/3d/environments/fantasy/stylized-fantasy-market-low-poly-3d-art-260824
Stylized Fantasy Shadow Mage Outfit,Stylized Fantasy Shadow Mage Outfit,N-hance Studio,3D/Characters,medieval;stylized,1.0,,251051766,True,,,False,3D/Stylized Fantasy Shadow Mage Outfit v1.0.unitypackage,https://assetstore.unity.com/packages/3d/characters/stylized-fantasy-shadow-mage-outfit-270578
Stylized Fantasy Skeleton Reaper,Stylized Fantasy Skeleton Reaper,N-hance Studio,3D/Characters,medieval;stylized,1.0,,78554004,True,,,False,3D/Stylized Fantasy Skeleton Reaper v1.0.unitypackage,https://assetstore.unity.com/packages/3d/characters/stylized-fantasy-skeleton-reaper-198879
Stylized Fantasy Werewolf,Stylized Fantasy Werewolf,N-hance Studio,3D/Characters,medieval;stylized,1.01,,40434518,True,,,False,3D/Stylized Fantasy Werewolf v1.01.unitypackage,https://assetstore.unity.com/packages/3d/characters/stylized-fantasy-werewolf-187886
Stylized Fantasy Zombie Animals,Stylized Fantasy Zombie Animals,N-hance Studio,3D/Characters/Creatures,character;medieval;stylized,1.0,,70456773,True,,,False,3D/Stylized Fantasy Zombie Animals v1.0.unitypackage,https://assetstore.unity.com/packages/3d/characters/creatures/stylized-fantasy-zombie-animals-204863
Stylized Grass Shader,Stylized Grass Shader,,VFX,shader;stylized;vfx,1.4.6,,19418350,True,,,False,VFX/Shaders/Stylized Grass Shader 1.4.6.unitypackage,
Stylized House Interior,Stylized House Interior,StylArts,3D/Environments,environment;stylized,2.0,,2258725061,True,,,False,3D/Stylized House Interior v2.0.unitypackage,https://assetstore.unity.com/packages/3d/environments/stylized-house-interior-224331
Stylized Lowpoly Cyberpunk City,Stylized Lowpoly Cyberpunk City,StylArts,3D/Environments/Fantasy,builtin;environment;low-poly;sci-fi;stylized,1.0,,25805303,True,,,False,3D/Stylized Lowpoly Cyberpunk City v1.0/Stylized Lowpoly Cyberpunk City_Builtin_2021.3.6f1.unitypackage,https://assetstore.unity.com/packages/3d/environments/fantasy/stylized-lowpoly-cyberpunk-city-267030
Stylized Lowpoly Cyberpunk City,Stylized Lowpoly Cyberpunk City,StylArts,3D/Environments/Fantasy,environment;hdrp;low-poly;sci-fi;stylized,1.0,,28721419,True,,,False,3D/Stylized Lowpoly Cyberpunk City v1.0/Stylized Lowpoly Cyberpunk City_HDRP_2021.3.6f1.unitypackage,https://assetstore.unity.com/packages/3d/environments/fantasy/stylized-lowpoly-cyberpunk-city-267030
Stylized Lowpoly Cyberpunk City,Stylized Lowpoly Cyberpunk City,StylArts,3D/Environments/Fantasy,environment;low-poly;sci-fi;stylized;urp,1.0,,25684932,True,,,False,3D/Stylized Lowpoly Cyberpunk City v1.0/Stylized Lowpoly Cyberpunk City_URP_2021.3.6f1.unitypackage,https://assetstore.unity.com/packages/3d/environments/fantasy/stylized-lowpoly-cyberpunk-city-267030
Stylized Magic Waves,Stylized Magic Waves,,VFX,stylized;vfx,1.0,,28850381,True,,,False,VFX/Particles/Stylized Magic Waves v1.0.unitypackage,
Stylized Modular Human Female,Stylized Modular Human Female,N-hance Studio,3D/Characters,stylized,2.4.1,2025-02-02,319344762,True,,,False,3D/Stylized Modular Human Female v2.4.1 (02 Feb 2025).unitypackage,https://assetstore.unity.com/packages/3d/characters/stylized-modular-human-female-178653
Stylized Paradise Gardens (w Characters and Modular),Stylized Paradise Gardens (w Characters and Modular),StylArts,3D/Environments/Fantasy,builtin;character;stylized,1.0,,1627287466,True,,,False,3D/Stylized Paradise Gardens (w Characters and Modular) Unity 6 v1.0/Stylized Paradise Gardens (w Characters and Modular)_Builtin_2021.3.6f1.unitypackage,https://assetstore.unity.com/packages/3d/environments/fantasy/stylized-paradise-gardens-w-characters-and-modular-267029
Stylized Paradise Gardens (w Characters and Modular),Stylized Paradise Gardens (w Characters and Modular),StylArts,3D/Environments/Fantasy,character;hdrp;stylized,1.0,,1629094230,True,,,False,3D/Stylized Paradise Gardens (w Characters and Modular) Unity 6 v1.0/Stylized Paradise Gardens (w Characters and Modular)_HDRP_2021.3.6f1.unitypackage,https://assetstore.unity.com/packages/3d/environments/fantasy/stylized-paradise-gardens-w-characters-and-modular-267029
Stylized Paradise Gardens (w Characters and Modular),Stylized Paradise Gardens (w Characters and Modular),StylArts,3D/Environments/Fantasy,character;stylized;urp,1.0,,1626239879,True,,,False,3D/Stylized Paradise Gardens (w Characters and Modular) Unity 6 v1.0/Stylized Paradise Gardens (w Characters and Modular)_URP_2021.3.6f1.unitypackage,https://assetstore.unity.com/packages/3d/environments/fantasy/stylized-paradise-gardens-w-characters-and-modular-267029
Stylized RPG Cursors,Stylized RPG Cursors,Lid Games,2D/GUI/Icons,medieval;stylized,1.2,,20175478,True,,,False,Stylized RPG Cursors v1.2.unitypackage,https://assetstore.unity.com/packages/2d/gui/icons/stylized-rpg-cursors-180105
Stylized RPG Magic Spells 5,Stylized RPG Magic Spells 5,Piloto Studio,VFX/Particles/Spells,medieval;stylized;vfx,1.0,2025-05-25,92954195,True,,,False,VFX/Particles/Stylized RPG Magic Spells 5 v1.0 (25 May 2025).unitypackage,https://assetstore.unity.com/packages/vfx/particles/spells/stylized-rpg-magic-spells-5-321586
Stylized Shoot & Hit Vol.2,Stylized Shoot Hit Vol 2,Kyeoms,VFX/Particles,stylized;vfx,1.1,,4920096,True,,,False,VFX/Particles/Stylized Shoot Hit Vol 2 v1.1.unitypackage,https://assetstore.unity.com/packages/vfx/particles/stylized-shoot-hit-vol-2-222939
Stylized Solarpunk City,Stylized Solarpunk City,StylArts,3D/Environments/Sci-Fi,builtin;environment;sci-fi;stylized,1.0,,570658307,True,,,False,3D/Stylized Solarpunk City v1.0/Stylized Solarpunk City_Builtin_2021.3.6f1.unitypackage,https://assetstore.unity.com/packages/3d/environments/sci-fi/stylized-solarpunk-city-267031
Stylized Solarpunk City,Stylized Solarpunk City,StylArts,3D/Environments/Sci-Fi,environment;hdrp;sci-fi;stylized,1.0,,554141390,True,,,False,3D/Stylized Solarpunk City v1.0/Stylized Solarpunk City_HDRP_2021.3.6f1.unitypackage,https://assetstore.unity.com/packages/3d/environments/sci-fi/stylized-solarpunk-city-267031
Stylized Solarpunk City,Stylized Solarpunk City,StylArts,3D/Environments/Sci-Fi,environment;sci-fi;stylized;urp,1.0,,560699863,True,,,False,3D/Stylized Solarpunk City v1.0/Stylized Solarpunk City_URP_2021.3.6f1.unitypackage,https://assetstore.unity.com/packages/3d/environments/sci-fi/stylized-solarpunk-city-267031
Stylized Swords - RPG Weapons,Stylized Swords - RPG Weapons,Blink,3D/Props/Weapons,medieval;prop;stylized,1.0,,331930335,True,,,False,3D/Stylized_Swords_-_RPG_Weapons_v1.0.unitypackage,https://assetstore.unity.com/packages/3d/props/weapons/stylized-swords-rpg-weapons-200139
Stylized Terrain Textures,Stylized Terrain Textures,Raygeas,2D/Textures & Materials/Nature,stylized;terrain,1.0,,902785086,True,,,False,3D/Stylized Terrain Textures v1.0.unitypackage,https://assetstore.unity.com/packages/2d/textures-materials/nature/stylized-terrain-textures-256492
Stylized Toon Projectiles & Hits ☄ Volume 3,Stylized Toon Projectiles Hits Volume 3,Piloto Studio,VFX/Particles/Spells,stylized;vfx,,,17145353,False,,,False,VFX/Particles/Stylized Toon Projectiles Hits Volume 3.unitypackage,https://assetstore.unity.com/packages/vfx/particles/spells/stylized-toon-projectiles-hits-volume-3-242500
Stylized Tuscany Seaside City,Stylized Tuscany Seaside City,StylArts,3D/Environments,environment;stylized,1.0,,218718090,True,,,False,3D/Stylized Tuscany Seaside City v1.0.unitypackage,https://assetstore.unity.com/packages/3d/environments/stylized-tuscany-seaside-city-216057
Stylized VFX,Stylized VFX,Vefects,VFX,stylized;vfx,1.0.6,2024-11-22,23781506,True,,,False,VFX/Particles/Stylized VFX v1.0.6 (22 Nov 2024).unitypackage,https://assetstore.unity.com/packages/vfx/stylized-vfx-216010
Stylized Viking Hut,Stylized Viking Hut,StylArts,3D/Environments/Fantasy,stylized,,,706458542,False,,,False,3D/Stylized Viking Hut (Unity 2021.3.6f1).unitypackage,https://assetstore.unity.com/packages/3d/environments/fantasy/stylized-viking-hut-235223
Stylized Water 2,Stylized Water 2,Staggart Creations,VFX/Shaders,stylized;vfx,1.7.0,2025-10-16,40793883,True,,,False,VFX/Shaders/Stylized Water 2 v1.7.0 (16 Oct 2025).unitypackage,https://assetstore.unity.com/packages/vfx/shaders/stylized-water-2-170386
Stylized Water 2,Stylized Water 2,Staggart Creations,VFX/Shaders,stylized;vfx,1.6.1,,39279539,False,,,False,VFX/Shaders/Stylized Water 2 v1.6.1.unitypackage,https://assetstore.unity.com/packages/vfx/shaders/stylized-water-2-170386
Stylized Water 3,Stylized Water 3,Staggart Creations,VFX/Shaders,stylized;vfx,3.1.0,,59320020,True,,,False,VFX/Shaders/Stylized Water 3 v3.1.0.unitypackage,https://assetstore.unity.com/packages/vfx/shaders/stylized-water-3-287769
SUNTAIL - Stylized Fantasy Village,SUNTAIL - Stylized Fantasy Village,Raygeas,3D/Environments/Fantasy,environment;medieval;stylized,1.1.6,,548381455,True,,,False,3D/SUNTAIL - Stylized Fantasy Village v1.1.6.unitypackage,https://assetstore.unity.com/packages/3d/environments/fantasy/suntail-stylized-fantasy-village-203303
Super Clean UI - Flat Pack,Super Clean UI - Flat Pack,RainbowArt,2D/GUI/Icons,ui,2.4.2,,14958803,True,,,False,2D/GUI/Super Clean UI - Flat Pack v2.4.2.unitypackage,https://assetstore.unity.com/packages/2d/gui/icons/super-clean-ui-flat-pack-244547
SUPER Magic FX - 929 VFX,SUPER Magic FX - 929 VFX,Piloto Studio,VFX/Particles/Spells,vfx,,,342744407,False,,,False,VFX/Particles/SUPER Magic FX - 929 VFX.unitypackage,https://assetstore.unity.com/packages/vfx/particles/spells/super-magic-fx-929-vfx-264402
Super Realistic Diamond Shaders,Super Realistic Diamond Shaders,,VFX,shader;vfx,1.3,,135829712,True,,,False,VFX/Shaders/Super Realistic Diamond Shaders v1.3.unitypackage,
superhero animset,Superhero Animset,wemakethegame,3D/Animations,animation;character,1.21,,99708291,True,,,False,3D/Animations/Wemakethegame/Superhero Animset v1.21.unitypackage,https://assetstore.unity.com/packages/3d/animations/superhero-animset-196133
Support package for Hovl Studio assets,Support package for Hovl Studio assets,Hovl Studio,Tools/Utilities,vfx,3.14,,1171658,True,,,False,VFX/Particles/Support package for Hovl Studio assets v3.14.unitypackage,https://assetstore.unity.com/packages/tools/utilities/support-package-for-hovl-studio-assets-157764
Survival Animations,Survival Animations,RamsterZ,3D/Animations,animation,1.0,,19373046,True,,same-size-same-version-different-folder,False,3D/Animations/RamsterZ/Survival Animations v1.0.unitypackage,https://assetstore.unity.com/packages/3d/animations/survival-animations-220100
Survival Animations,Survival Animations,RamsterZ,3D/Animations,animation,1.0,,19373046,False,,same-size-same-version-different-folder,False,3D/Animations/Survival Animations v1.0.unitypackage,https://assetstore.unity.com/packages/3d/animations/survival-animations-220100
Survival Animset Pro vol.1,Survival Animset Pro vol 1,Kubold,3D/Animations,animation,1.0,,24501040,True,,,False,3D/Animations/Survival Animset Pro vol 1 v1.0.unitypackage,https://assetstore.unity.com/packages/3d/animations/survival-animset-pro-vol-1-112577
Survival Animset Pro vol.2,Survival Animset Pro vol2,Kubold,3D/Animations,animation,1.0,,19199656,True,,,False,3D/Animations/Survival Animset Pro vol2 v1.0.unitypackage,https://assetstore.unity.com/packages/3d/animations/survival-animset-pro-vol-2-114412
"Survival Engine - Crafting, Building, Farming",Survival Engine - Crafting Building Farming,Indie Marc,Templates/Systems,template,1.32,2024-12-29,38009147,True,,,False,Survival Engine - Crafting Building Farming v1.32 (29 Dec 2024).unitypackage,https://assetstore.unity.com/packages/templates/systems/survival-engine-crafting-building-farming-178160
Survival Island | Template + Editor,Survival Island Template + Editor,Watermelon Games,Templates/Packs,editor-tool;template,1.0.2,,57621177,True,,,False,Templates/Survival Island Template + Editor 1.0.2.unitypackage,https://assetstore.unity.com/packages/templates/packs/survival-island-template-editor-292338
Survival Mocap Animations,Survival Mocap Animations,Yummy Games,3D/Animations,animation,1.0,,911490554,True,,,False,3D/Animations/Survival Mocap Animations v1.0.unitypackage,https://assetstore.unity.com/packages/3d/animations/survival-mocap-animations-248305
Swimming Anim Set,Swimming Anim Set,MotionDezire,3D/Animations,,1.0,,189437551,True,,,False,3D/Animations/Swimming Anim Set v1.0.unitypackage,https://assetstore.unity.com/packages/3d/animations/swimming-anim-set-312579
Sword and Shield Animations,Sword and Shield Animations,RamsterZ,3D/Animations,animation,1.0,,16367682,True,,,False,3D/Animations/RamsterZ/Sword and Shield Animations v1.0.unitypackage,https://assetstore.unity.com/packages/3d/animations/sword-and-shield-animations-256766
Sword sheath AnimSet,Sword sheath AnimSet,wemakethegame,3D/Animations,animation,1.0,,391271382,True,,,False,3D/Animations/Wemakethegame/Sword sheath AnimSet v1.0.unitypackage,https://assetstore.unity.com/packages/3d/animations/sword-sheath-animset-195119
Sword slashes PRO,Sword slashes PRO,Hovl Studio,VFX/Particles,vfx,2.2.0,,32985884,True,,,False,VFX/Particles/Sword slashes PRO v2.2.0.unitypackage,https://assetstore.unity.com/packages/vfx/particles/sword-slashes-pro-173450
Synty ANIMATION - Base Locomotion - Character Animset,Synty ANIMATION - Base Locomotion - Character Animset,Synty Studios,3D/Animations,animation;character,1.1.1,2024-12-02,104366001,True,,,False,3D/Animations/Synty/Synty ANIMATION - Base Locomotion - Character Animset v1.1.1 (02 Dec 2024).unitypackage,https://assetstore.unity.com/packages/3d/animations/synty-animation-base-locomotion-character-animset-280764
Synty ANIMATION - Idles,Synty ANIMATION - Idles,Synty Studios,3D/Animations,animation,1.1.2,2025-05-15,74029501,True,,,False,3D/Animations/Synty/Synty ANIMATION - Idles v1.1.2 (15 May 2025).unitypackage,https://assetstore.unity.com/packages/3d/animations/synty-animation-idles-299700
Synty ANIMATION - Sword Combat,Synty ANIMATION - Sword Combat,Synty Studios,3D/Animations,animation;urp,1.0.1,,9411297,True,,,False,3D/Animations/Synty/Synty ANIMATION - Sword Combat v1.0.1 (URP version).unitypackage,https://assetstore.unity.com/packages/3d/animations/synty-animation-sword-combat-291806
Tactical Pack for Behavior Designer Pro,Tactical Pack for Behavior Designer Pro,Opsive,Tools/Behavior AI,ai-pathfinding;editor-tool,1.0,,1492478,True,,,False,Tools/Tactical Pack for Behavior Designer Pro v1.0.unitypackage,https://assetstore.unity.com/packages/tools/behavior-ai/tactical-pack-for-behavior-designer-pro-322900
Tail Animator,Tail Animator,FImpossible Creations,Tools/Animation,editor-tool,2.0.7.1,2025-06-20,26408537,True,,,False,Tools/Tail Animator v2.0.7.1 (20 Jun 2025).unitypackage,https://assetstore.unity.com/packages/tools/animation/tail-animator-121819
Tank Assets,Tank Assets,,3D,vehicle,,,272432,False,,,True,3D/Tank Assets.zip,
Technie Collider Creator 2,Technie Collider Creator 2,Triangular Pixels,Tools/Physics,editor-tool,1.3.1,,22199447,True,,,False,Tools/Technie Collider Creator 2 v1.3.1.unitypackage,https://assetstore.unity.com/packages/tools/physics/technie-collider-creator-2-217070
Tension - Ambient Music Pack,Tension - Ambient Music Pack,Dave Deville,Audio/Music,music;sfx,1.0,,212533315,True,,,False,Audio/Tension - Ambient Music Pack v1.0.unitypackage,https://assetstore.unity.com/packages/audio/music/tension-ambient-music-pack-170955
Terrain To Mesh,Terrain To Mesh,,Tools,editor-tool;terrain,2024.1,,20917636,True,,,False,Tools/Terrain To Mesh v2024.1.unitypackage,
Text Animator for Unity,Text Animator for Unity,,3D,,2.1.0,,583027,True,,,False,3D/Animations/Text Animator for Unity v2.1.0.unitypackage,
The Age of Glory - Medieval Heroic Game Soundtrack,The Age of Glory - Medieval Heroic Game Soundtrack,,Audio,character;medieval;music;sfx,1.0,,30429677,True,,,False,Audio/The Age of Glory - Medieval Heroic Game Soundtrack v1.0.unitypackage,
The Beautiful Portal/Level up/Teleport/Warp VFX,The Beautiful Portal Level up Teleport Warp VFX,Inguz Media,VFX/Particles,vfx,1.0,,43985100,True,,,False,VFX/Particles/The Beautiful Portal Level up Teleport Warp VFX v1.0.unitypackage,https://assetstore.unity.com/packages/vfx/particles/the-beautiful-portal-level-up-teleport-warp-vfx-181236
The Complete UI Sound Effects Library,The Complete UI Sound Effects Library,,Audio,sfx;ui;vfx,,,84751337,False,,,False,Audio/The Complete UI Sound Effects Library.unitypackage,
TileWorldCreator 3,TileWorldCreator 3,Giant Grey,Tools/Level Design,,3.5.6,2025-05-13,437932636,True,,,False,TileWorldCreator 3 v3.5.6 (13 May 2025).unitypackage,https://assetstore.unity.com/packages/tools/level-design/tileworldcreator-3-199383
Timeflow Animation System,Timeflow Animation System,Axon Genesis,Tools/Animation,animation;editor-tool;template,1.9.3,,1015354969,True,,,False,Tools/Timeflow Animation System v1.9.3.unitypackage,https://assetstore.unity.com/packages/tools/animation/timeflow-animation-system-247895
Tire Skids and Screeches,Tire Skids and Screeches,SilverPlatter Audio,Audio/Sound FX,sfx,1.0,,14149756,True,,,False,Audio/Tire Skids and Screeches v1.0.unitypackage,https://assetstore.unity.com/packages/audio/sound-fx/tire-skids-and-screeches-145886
TKDstyle AnimSet,TKDstyle AnimSet,wemakethegame,3D/Animations,animation,1.3,,169838281,True,,,False,3D/Animations/Wemakethegame/TKDstyle AnimSet v1.3.unitypackage,https://assetstore.unity.com/packages/3d/animations/tkdstyle-animset-181685
Toolkit for Ballistics 2026,Toolkit for Ballistics 2026,Heathen Engineering,Tools/Physics,editor-tool;template,5.0.0,,407167,True,,,False,Tools/Toolkit for Ballistics 2026 v5.0.0.unitypackage,https://assetstore.unity.com/packages/tools/physics/toolkit-for-ballistics-2026-337806
Toolkit for Discord Social,Toolkit for Discord Social,,Tools,editor-tool;template,0.2.0,,77642,True,suspicious,,False,Tools/Toolkit for Discord Social (Preview) v0.2.0.unitypackage,
Toolkit for On-Screen Keyboard 2026,Toolkit for On-Screen Keyboard 2026,,Tools,editor-tool;template,5.0.0,,240544,True,,,False,Tools/Toolkit for On-Screen Keyboard 2026 v5.0.0.unitypackage,
Toolkit for Steamworks 2025,Toolkit for Steamworks 2025,,Tools,editor-tool;template,4.1.3,2025-04-19,531739,True,,,False,Tools/Toolkit for Steamworks 2025 v4.1.3 (19 Apr 2025).unitypackage,
Toolkit for Unity Physics 2026,Toolkit for Unity Physics 2026,Heathen Engineering,Tools/Physics,editor-tool;template,5.0.0,,941225,True,,,False,Tools/Toolkit for Unity Physics 2026 v5.0.0.unitypackage,https://assetstore.unity.com/packages/tools/physics/toolkit-for-unity-physics-2026-337660
Toolkit for UX 2026,Toolkit for UX 2026,Heathen Engineering,Tools/Utilities,editor-tool;template,5.0.0,,1414237,True,,,False,Tools/Toolkit for UX 2026 v5.0.0.unitypackage,https://assetstore.unity.com/packages/tools/utilities/toolkit-for-ux-2026-337680
Toolkit for Verlet Motion 2026,Toolkit for Verlet Motion 2026,Heathen Engineering,Tools/Physics,animation;editor-tool;template,5.0.0,,3077159,True,,,False,Tools/Toolkit for Verlet Motion 2026 v5.0.0.unitypackage,https://assetstore.unity.com/packages/tools/physics/toolkit-for-verlet-motion-2026-337828
Toon Clouds,Toon Clouds,Unluck Software,VFX/Particles/Environment,skybox;stylized;vfx,1.2.1,,8197065,True,,,False,VFX/Particles/Toon Clouds 1.2.1.unitypackage,https://assetstore.unity.com/packages/vfx/particles/environment/toon-clouds-8225
Toon Fire Collection,Toon Fire Collection,Unluck Software,VFX/Particles/Fire & Explosions,stylized;vfx,1.1.1,,3141363,True,,,False,VFX/Particles/Toon Fire Collection v1.1.1.unitypackage,https://assetstore.unity.com/packages/vfx/particles/fire-explosions/toon-fire-collection-3915
Toon Projectiles 2,Toon Projectiles 2,Hovl Studio,VFX/Particles/Spells,stylized;vfx,1.0,,42720400,True,,,False,VFX/Particles/Toon Projectiles 2 v1.0.unitypackage,https://assetstore.unity.com/packages/vfx/particles/spells/toon-projectiles-2-184946
Toon RTS Pack,Toon RTS Pack,,3D,stylized,,,194588817,False,,,False,3D/Toon RTS Pack.unitypackage,
Toon RTS Units,Toon RTS Units,Polygon Blacksmith,3D/Characters,stylized,1.0,,12515728,True,,,False,3D/Toon RTS Units v1.0.unitypackage,https://assetstore.unity.com/packages/3d/characters/toon-rts-units-67948
Toon RTS Units - Elves,Toon RTS Units - Elves,Polygon Blacksmith,3D/Characters,stylized,,,244763287,False,,,False,3D/Toon RTS Units - Elves.unitypackage,https://assetstore.unity.com/packages/3d/characters/toon-rts-units-elves-132685
Toony Colors Pro 2,Toony Colors Pro 2,Jean Moreno,VFX/Shaders,shader;stylized;vfx,2.9.21,2026-01-13,42977767,True,,,False,VFX/Shaders/Toony Colors Pro 2 v2.9.21 (13 Jan 2026).unitypackage,https://assetstore.unity.com/packages/vfx/shaders/toony-colors-pro-2-8105
TopDown Engine,TopDown Engine,More Mountains,Templates/Systems,editor-tool;template,4.3,2024-12-23,229369299,True,,,False,Tools/TopDown Engine v4.3 (23 Dec 2024).unitypackage,https://assetstore.unity.com/packages/templates/systems/topdown-engine-89636
Total Music Collection,Total Music Collection,Andrew Sitkov Music,Audio/Music,music;sfx,1.30,2025-06-27,21890057088,True,,,False,Audio/Total Music Collection v1.30 (27 Jun 2025).unitypackage,https://assetstore.unity.com/packages/audio/music/total-music-collection-89126
TouchConsole Pro,TouchConsole Pro,Opencoding,Tools/GUI,editor-tool,3.0.0,,696244,True,,,False,Tools/TouchConsole Pro v3.0.0.unitypackage,https://assetstore.unity.com/packages/tools/gui/touchconsole-pro-25559
Train Controller (Railroad System) v3.4,Train Controller (Railroad System),WSM Game Studio,Templates/Systems,template,3.4.1,,365627524,True,,,False,Train Controller (Railroad System) v3.4.1.unitypackage,https://assetstore.unity.com/packages/templates/systems/train-controller-railroad-system-v3-4-116455
Transition Blocks,Transition Blocks,ATesh Games,Tools/Camera,,1.6,,281965,True,,,False,Transition Blocks v1.6.unitypackage,https://assetstore.unity.com/packages/tools/camera/transition-blocks-69448
Transitions Plus,Transitions Plus,Kronnect,Tools/Camera,,,,9224239,False,,,False,Transitions Plus.unitypackage,https://assetstore.unity.com/packages/tools/camera/transitions-plus-266067
TriLib 2 - Model Loading Package,TriLib 2 - Model Loading Package,Ricardo Reis,Tools/Modeling,,2.1.4,,17903822,True,,,False,TriLib 2 - Model Loading Package v2.1.4.unitypackage,https://assetstore.unity.com/packages/tools/modeling/trilib-2-model-loading-package-157548
Turn Based Strategy Framework,Turn Based Strategy Framework,Crooked Head,Templates/Systems,template,3.0.5,2024-11-07,18164553,True,,,False,Turn Based Strategy Framework v3.0.5 (07 Nov 2024).unitypackage,https://assetstore.unity.com/packages/templates/systems/turn-based-strategy-framework-50282
TwinBlades Animset Base,TwinBlades Animset Base,,3D,animation,2.0,,14474438,True,,,True,3D/Animations/WM_Animset/TwinBlades Animset Base v2.0.unitypackage,
TwinDaggers Animset v2,TwinDaggers Animset v2,,3D,animation,,,236041358,False,,,True,3D/Animations/WM_Animset/TwinDaggers_Animset v2.unitypackage,
UHFPS - Ultimate Horror FPS KIT,UHFPS - Ultimate Horror FPS KIT,,,horror;template,1.4,2024-07-12,1812696488,True,,,False,UHFPS - Ultimate Horror FPS KIT v1.4 (12 Jul 2024).unitypackage,
UI Navigation Wizard - Gamepad / Keyboard Navigation & Selection,UI Navigation Wizard - Gamepad Keyboard Navigation Selection,KAMGAM,Tools/GUI,ui,1.0.7,,9517861,True,,,False,2D/GUI/UI Navigation Wizard - Gamepad Keyboard Navigation Selection v1.0.7.unitypackage,https://assetstore.unity.com/packages/tools/gui/ui-navigation-wizard-gamepad-keyboard-navigation-selection-284552
UI Preview for Prefabs and Canvases,UI Preview for Prefabs and Canvases,KAMGAM,Tools/Utilities,ui,1.3.1,,279522,True,,,False,2D/GUI/UI Preview for Prefabs and Canvases v1.3.1.unitypackage,https://assetstore.unity.com/packages/tools/utilities/ui-preview-for-prefabs-and-canvases-226906
UI SFX Mega Pack,UI SFX Mega Pack,Skril Studio,Audio/Sound FX,sfx;ui,1.0.0,,194317808,True,,,False,Audio/UI SFX Mega Pack v1.0.0.unitypackage,https://assetstore.unity.com/packages/audio/sound-fx/ui-sfx-mega-pack-245595
UI Toolkit Blurred Background - Fast translucent UI Blur image,UI Toolkit Blurred Background - Fast translucent UI Blur image,KAMGAM,2D/GUI,editor-tool;template;ui,1.2.3,,756813,True,,,False,2D/GUI/UI Toolkit Blurred Background - Fast translucent UI Blur image v1.2.3.unitypackage,https://assetstore.unity.com/packages/2d/gui/ui-toolkit-blurred-background-fast-translucent-ui-blur-image-254328
UI Toolkit Particles - Particle Image for UI Elements,UI Toolkit Particles - Particle Image for UI Elements,KAMGAM,Tools/GUI,editor-tool;template;ui;vfx,1.2.4,,2565914,True,,,False,2D/GUI/UI Toolkit Particles - Particle Image for UI Elements v1.2.4.unitypackage,https://assetstore.unity.com/packages/tools/gui/ui-toolkit-particles-particle-image-for-ui-elements-252260
"UI Toolkit Scroll View Pro - Infinite Scrolling, Snapping, Paging",UI Toolkit Scroll View Pro - Infinite Scrolling Snapping Paging,KAMGAM,2D/GUI,editor-tool;template;ui,1.4.3,,636274,True,,,False,2D/GUI/UI Toolkit Scroll View Pro - Infinite Scrolling Snapping Paging v1.4.3.unitypackage,https://assetstore.unity.com/packages/2d/gui/ui-toolkit-scroll-view-pro-infinite-scrolling-snapping-paging-262334
"UI Toolkit Shadows, Outlines & Glow",UI Toolkit Shadows Outlines Glow,KAMGAM,2D/GUI,editor-tool;template;ui,1.3.3,,1400048,True,,,False,2D/GUI/UI Toolkit Shadows Outlines Glow v1.3.3.unitypackage,https://assetstore.unity.com/packages/2d/gui/ui-toolkit-shadows-outlines-glow-265521
ULTIMATE ANIMATION COLLECTION,ULTIMATE ANIMATION COLLECTION,"PROTOFACTOR, INC",3D/Animations,animation,,,1073310179,False,,,False,3D/Animations/ULTIMATE ANIMATION COLLECTION.unitypackage,https://assetstore.unity.com/packages/3d/animations/ultimate-animation-collection-195459
Ultimate Character Controller,Ultimate Character Controller,Opsive,Tools/Game Toolkits,character;editor-tool,3.1.3,,592664839,True,,,False,Tools/Ultimate Character Controller v3.1.3.unitypackage,https://assetstore.unity.com/packages/tools/game-toolkits/ultimate-character-controller-233710
Ultimate Clean GUI Pack,Ultimate Clean GUI Pack,gamevanilla,2D/GUI,ui,2.1.4,,223142295,True,,,False,2D/GUI/Ultimate Clean GUI Pack v2.1.4.unitypackage,https://assetstore.unity.com/packages/2d/gui/ultimate-clean-gui-pack-154574
Ultimate Editor Enhancer,Ultimate Editor Enhancer,Infinity Code,Tools/Utilities,editor-tool,3.15.1,,10987146,True,,,False,Tools/Ultimate Editor Enhancer v3.15.1.unitypackage,https://assetstore.unity.com/packages/tools/utilities/ultimate-editor-enhancer-288737
Ultimate Game Music Collection,Ultimate Game Music Collection,John Leonard French,Audio/Music/Orchestral,music;sfx,1.9.2,,4699571313,True,,,False,Audio/Ultimate Game Music Collection v1.9.2.unitypackage,https://assetstore.unity.com/packages/audio/music/orchestral/ultimate-game-music-collection-37351
Ultimate GameObject Replacer - Level Design Tool,Ultimate GameObject Replacer - Level Design Tool,,Tools,editor-tool,1.0,,149061,True,,,False,Tools/Ultimate GameObject Replacer - Level Design Tool v1.0.unitypackage,
Ultimate Joystick,Ultimate Joystick,Tank & Healer Studio,Tools/Input Management,editor-tool,2.6.0,,558357,True,,,False,Tools/Ultimate Joystick v2.6.0.unitypackage,https://assetstore.unity.com/packages/tools/input-management/ultimate-joystick-27695
Ultimate Jurassic Pack Dinosaurs v2022,Ultimate Jurassic Pack Dinosaurs v2022,,3D,,,,318143756,False,,,False,3D/Ultimate Jurassic Pack Dinosaurs v2022.unitypackage,
"Ultimate Low Poly Mining, Cave & Blacksmith Pack - Ores, Gems, Props, Tools",Ultimate Low Poly Mining Cave Blacksmith Pack - Ores Gems Props Tools,Pure Poly,3D/Props,editor-tool;low-poly;prop,,,98052962,False,,,False,3D/Ultimate Low Poly Mining Cave Blacksmith Pack - Ores Gems Props Tools.unitypackage,https://assetstore.unity.com/packages/3d/props/ultimate-low-poly-mining-cave-blacksmith-pack-ores-gems-props-to-189279
Ultimate Ninja Anims,Ultimate Ninja Anims,RamsterZ,3D/Animations,animation,1.0,,35756295,True,,,False,3D/Animations/RamsterZ/Ultimate Ninja Anims v1.0.unitypackage,https://assetstore.unity.com/packages/3d/animations/ultimate-ninja-anims-244069
Ultimate Outlines & Highlights,Ultimate Outlines Highlights,INab Studio,VFX/Shaders,editor-tool;lighting,3.0,,37858505,True,,,False,Tools/Ultimate Outlines Highlights v3.0.unitypackage,https://assetstore.unity.com/packages/vfx/shaders/ultimate-outlines-highlights-235063
Ultimate Preview Window – Pro Edition,Ultimate Preview Window - Pro Edition,Voxel Labs,Tools/Utilities,editor-tool,1.4.0,,18216306,True,,,False,Tools/Ultimate Preview Window - Pro Edition v1.4.0.unitypackage,https://assetstore.unity.com/packages/tools/utilities/ultimate-preview-window-pro-edition-322974
Ultimate Sound FX Bundle,Ultimate Sound FX Bundle,Sidearm Studios,Audio/Sound FX,sfx,2.1,,6305051809,True,,,False,Audio/Ultimate Sound FX Bundle v2.1.unitypackage,https://assetstore.unity.com/packages/audio/sound-fx/ultimate-sound-fx-bundle-151756
Ultimate Traversal Anims,Ultimate Traversal Anims,RamsterZ,3D/Animations,animation,1.1.0,,71000493,True,,,False,3D/Animations/RamsterZ/Ultimate Traversal Anims v1.1.0.unitypackage,https://assetstore.unity.com/packages/3d/animations/ultimate-traversal-anims-217762
Umbra Soft Shadows - Better Directional & Contact Shadows for URP,Umbra Soft Shadows - Better Directional Contact Shadows for URP,Kronnect,VFX/Shaders/Fullscreen & Camera Effects,editor-tool;urp,7.0,2025-06-05,781331,True,,,False,Tools/Umbra Soft Shadows - Better Directional Contact Shadows for URP v7.0 (05 Jun 2025).unitypackage,https://assetstore.unity.com/packages/vfx/shaders/fullscreen-camera-effects/umbra-soft-shadows-better-directional-contact-shadows-for-urp-282485
UModeler,UModeler,,Tools,editor-tool,2.11.11,,2572497,True,,,False,Tools/UModeler v2.11.11.unitypackage,
UModeler X Plus (version X Plus 1.0.29 - Hub 1.1.4),UModeler X Plus (version X Plus 1.0.29 - Hub 1.1.4),,Tools,editor-tool,,,3100065,False,,,False,Tools/UModeler X Plus (version X Plus 1.0.29 - Hub 1.1.4).unitypackage,
UMotion Pro - Animation Editor,UMotion Pro - Animation Editor,Soxware Interactive,Tools/Animation,animation;editor-tool,1.29p04,,23184298,True,,,False,Tools/UMotion Pro - Animation Editor v1.29p04.unitypackage,https://assetstore.unity.com/packages/tools/animation/umotion-pro-animation-editor-95991
UNI VFX: Missiles & Explosions for Visual Effect Graph,UNI VFX Missiles Explosions for Visual Effect Graph,Asset Mage W,VFX/Particles,vfx,1.0,,20969115,True,,,False,VFX/Particles/UNI VFX Missiles Explosions for Visual Effect Graph v1.0.unitypackage,https://assetstore.unity.com/packages/vfx/particles/uni-vfx-missiles-explosions-for-visual-effect-graph-249364
"UNI VFX: Realistic Explosions, Fire & Smoke for Visual Effect Graph",UNI VFX Realistic Explosions Fire Smoke for Visual Effect Graph,Asset Mage W,VFX/Particles/Fire & Explosions,vfx,1.0,,176938136,True,,,False,VFX/Particles/UNI VFX Realistic Explosions Fire Smoke for Visual Effect Graph v1.0.unitypackage,https://assetstore.unity.com/packages/vfx/particles/fire-explosions/uni-vfx-realistic-explosions-fire-smoke-for-visual-effect-graph-277484
Unique AoE Magic Abilities Volume 1,Unique AoE Magic Abilities Volume 1,,VFX,vfx,1.5,,167758644,True,,,False,VFX/Particles/Unique AoE Magic Abilities Volume 1 v1.5.unitypackage,
Unique Projectiles Volume 1,Unique Projectiles Volume 1,,VFX,vfx,1.7,,118719092,True,,,False,VFX/Particles/Unique Projectiles Volume 1 v1.7.unitypackage,
UnityHFSM-v2.3.0,UnityHFSM-v2.3.0,,Tools,editor-tool,,,124825,False,,,False,Tools/UnityHFSM-v2.3.0.zip,
Universal Fighting Engine 2,Universal Fighting Engine 2,,Tools,editor-tool;template,2.50,,123233664,True,,,False,Tools/Universal Fighting Engine 2 (Source) v2.50.unitypackage,
Universal Sound FX,Universal Sound FX,Imphenzia,Audio/Sound FX,sfx,1.6,2025-02-28,1464712347,True,,,False,Audio/Universal Sound FX v1.6 (28 Feb 2025).unitypackage,https://assetstore.unity.com/packages/audio/sound-fx/universal-sound-fx-17256
uNode 3 Pro,uNode 3 Pro,Maxy Games,Tools/Visual Scripting,editor-tool,3.2.11,,9497910,True,,,False,Tools/uNode 3 Pro v3.2.11.unitypackage,https://assetstore.unity.com/packages/tools/visual-scripting/unode-3-pro-300160
URBAN BUNDLE | Low Poly City Pack,URBAN BUNDLE Low Poly City Pack,Neon2,3D/Environments/Urban,environment;low-poly,1.0,,43067943,True,,,False,3D/URBAN BUNDLE Low Poly City Pack v1.0.unitypackage,https://assetstore.unity.com/packages/3d/environments/urban/urban-bundle-low-poly-city-pack-209054
URP Claw Slashes FX,URP Claw Slashes FX,,VFX,urp;vfx,1.0,,18316331,True,,,False,VFX/Particles/URP Claw Slashes FX v1.0.unitypackage,
URP - Ghost Shaders,URP - Ghost Shaders,,VFX,shader;urp;vfx,2026.0.1,,29526844,True,,,False,VFX/Shaders/URP - Ghost Shaders v2026.0.1.unitypackage,
URP - Glass Shaders,URP - Glass Shaders,,VFX,shader;urp;vfx,2022.3,,120635258,True,,,False,VFX/Shaders/URP - Glass Shaders v2022.3.unitypackage,
URP Toon Shader,URP Toon Shader,Ciro Continisio,VFX/Shaders,shader;stylized;urp;vfx,1.0.3,,70132328,True,,,False,VFX/URP Toon Shader v1.0.3.unitypackage,https://assetstore.unity.com/packages/vfx/shaders/urp-toon-shader-259777
UV Editor & Texture Editor,UV Editor Texture Editor,KAMGAM,Tools/Modeling,editor-tool,2.0.0,,2171929,True,,,False,Tools/UV Editor Texture Editor v2.0.0.unitypackage,https://assetstore.unity.com/packages/tools/modeling/uv-editor-texture-editor-294033
Vehicle Factory | Template + Editor,Vehicle Factory Template Editor,Watermelon Games,Templates/Packs,editor-tool;template;vehicle,1.0,,20098776,True,,,False,Templates/Vehicle Factory Template Editor v1.0.unitypackage,https://assetstore.unity.com/packages/templates/packs/vehicle-factory-template-editor-214636
Vendors and Customers,Vendors and Customers,RamsterZ,3D/Animations,,1.0,,45243035,True,,,False,3D/Animations/RamsterZ/Vendors and Customers v1.0.unitypackage,https://assetstore.unity.com/packages/3d/animations/vendors-and-customers-221875
Very Animation,Very Animation,,Tools,animation;editor-tool,1.4.1,,10340672,True,,,False,Tools/Very Animation v1.4.1.unitypackage,
vFavorites 2,vFavorites 2,kubacho lab,Tools/Utilities,editor-tool,2.0.15,2026-03-05,559463,True,,,False,Tools/Kubacho Lab/vFavorites 2 v2.0.15 (05 Mar 2026).unitypackage,https://assetstore.unity.com/packages/tools/utilities/vfavorites-2-263643
vFolders 2,vFolders 2,kubacho lab,Tools/Utilities,editor-tool,2.1.16,,156540,True,,,False,Tools/Kubacho Lab/vFolders 2 v2.1.16.unitypackage,https://assetstore.unity.com/packages/tools/utilities/vfolders-2-255470
VFX Graph - Ground Slash - Vol. 1,VFX Graph - Ground Slash - Vol. 1,Gabriel Aguiar Prod,VFX/Particles,vfx,1.0,,22604070,True,,,False,VFX/Particles/VFX Graph - Ground Slash - Vol. 1 v1.0.unitypackage,https://assetstore.unity.com/packages/vfx/particles/vfx-graph-ground-slash-vol-1-222918
VFX Graph - Stylized Smoke - Vol. 1,VFX Graph - Stylized Smoke - Vol. 1,Gabriel Aguiar Prod,VFX/Particles,stylized;vfx,1.0,,5545415,True,,,False,VFX/Particles/VFX Graph - Stylized Smoke - Vol. 1 v1.0.unitypackage,https://assetstore.unity.com/packages/vfx/particles/vfx-graph-stylized-smoke-vol-1-207694
vHierarchy 2,vHierarchy 2,kubacho lab,Tools/Utilities,editor-tool,2.1.10,,224609,True,,,False,Tools/Kubacho Lab/vHierarchy 2 v2.1.10.unitypackage,https://assetstore.unity.com/packages/tools/utilities/vhierarchy-2-253397
VHS Pro,VHS Pro,Vladimir Storm,VFX/Shaders/Fullscreen & Camera Effects,vfx,3.0,,12339866,True,,,False,VFX/Shaders/VHS Pro v3.0.unitypackage,https://assetstore.unity.com/packages/vfx/shaders/fullscreen-camera-effects/vhs-pro-44925
vInspector 2,vInspector 2,kubacho lab,Tools/Utilities,editor-tool,2.0.19,,143465,True,,,False,Tools/Kubacho Lab/vInspector 2 v2.0.19.unitypackage,https://assetstore.unity.com/packages/tools/utilities/vinspector-2-252297
Visual Novel Expressions - Anime Sound Effects,Visual Novel Expressions - Anime Sound Effects,AD Sounds,Audio/Sound FX,sfx;vfx,1.0,2025-06-18,44534849,True,,,False,Audio/Visual Novel Expressions - Anime Sound Effects v1.0 (18 Jun 2025).unitypackage,https://assetstore.unity.com/packages/audio/sound-fx/visual-novel-expressions-anime-sound-effects-255155
VoiceGPT,VoiceGPT,AiKodex,Tools/Generative AI,editor-tool,,,860482758,False,,,False,Tools/VoiceGPT.unitypackage,https://assetstore.unity.com/packages/tools/generative-ai/voicegpt-272682
Volumetric Fog & Mist 2,Volumetric Fog Mist 2,Kronnect,VFX/Shaders/Fullscreen & Camera Effects,vfx,30.0,2025-04-16,304794175,True,,,False,VFX/Shaders/Volumetric Fog Mist 2 v30.0 (16 Apr 2025).unitypackage,https://assetstore.unity.com/packages/vfx/shaders/fullscreen-camera-effects/volumetric-fog-mist-2-162694
Volumetric Lights 2,Volumetric Lights 2,Kronnect,VFX/Shaders,lighting;vfx,10.1.2,,54492634,True,,,False,VFX/Shaders/Volumetric Lights 2 v10.1.2.unitypackage,https://assetstore.unity.com/packages/vfx/shaders/volumetric-lights-2-234539
Volumetric Lights 2 HDRP,Volumetric Lights 2 HDRP,Kronnect,VFX/Shaders,hdrp;lighting;vfx,6.8.5,,26760111,True,,,False,VFX/Shaders/Volumetric Lights 2 HDRP v6.8.5.unitypackage,https://assetstore.unity.com/packages/vfx/shaders/volumetric-lights-2-hdrp-243807
Voxel Destruction Pro,Voxel Destruction Pro,Atan,Tools/Physics,editor-tool,,,25243841,False,,,False,Tools/Voxel Destruction Pro.unitypackage,https://assetstore.unity.com/packages/tools/physics/voxel-destruction-pro-286734
Voxel Play,Voxel Play,Kronnect,Tools/Game Toolkits,editor-tool,9.8.2,,48211899,True,,,False,Tools/Voxel Play v9.8.2.unitypackage,https://assetstore.unity.com/packages/tools/game-toolkits/voxel-play-106618
Voxelica - Voxel Engine,Voxelica - Voxel Engine,Fraktalia,Tools/Terrain,editor-tool;template,,,252539948,False,,,False,Tools/Voxelica - Voxel Engine.unitypackage,https://assetstore.unity.com/packages/tools/terrain/voxelica-voxel-engine-162883
vTabs 2,vTabs 2,kubacho lab,Tools/Utilities,editor-tool,2.1.7,,115099,True,,,False,Tools/Kubacho Lab/vTabs 2 v2.1.7.unitypackage,https://assetstore.unity.com/packages/tools/utilities/vtabs-2-253396
Warrior Pack Mega Bundle,Warrior Pack Mega Bundle,,3D,,1.0,,52386,True,suspicious,,False,3D/Animations/Explosive/Warrior Pack Mega Bundle v1.0.unitypackage,
Water splashes sprite effects,Water splashes sprite effects,,VFX,vfx,1.0,,17371223,True,,,False,VFX/Particles/Water splashes sprite effects v1.0.unitypackage,
Web Builder Pro,Web Builder Pro,Simon Nordon,Tools/Integration,editor-tool,1.0,,2613299,True,,,False,Tools/Web Builder Pro v1.0.unitypackage,https://assetstore.unity.com/packages/tools/integration/web-builder-pro-297607
Werewolf AnimSet,Werewolf AnimSet,wemakethegame,3D/Animations,animation,1.31,,100557460,True,,,False,3D/Animations/Wemakethegame/Werewolf AnimSet v1.31.unitypackage,https://assetstore.unity.com/packages/3d/animations/werewolf-animset-182725
White mage spells,White mage spells,Hovl Studio,VFX/Particles/Spells,vfx,1.1,,364548481,True,,,False,VFX/Particles/White mage spells v1.1.unitypackage,https://assetstore.unity.com/packages/vfx/particles/spells/white-mage-spells-161173
Wild West - Low Poly 3D Models Pack,Wild West - Low Poly Asset Pack by ithappy,ithappy,3D/Environments/Historic,low-poly,1.0,,19342805,True,,,False,3D/Wild West - Low Poly Asset Pack by ithappy v1.0.unitypackage,https://assetstore.unity.com/packages/3d/environments/historic/wild-west-low-poly-3d-models-pack-226239
Wingman - Your Inspector’s Best Friend,Wingman - Your Inspectors Best Friend,Kyle Rhoads,Tools/Utilities,editor-tool,1.2.3,,566801,True,,,False,Tools/Wingman - Your Inspectors Best Friend v1.2.3.unitypackage,https://assetstore.unity.com/packages/tools/utilities/wingman-your-inspector-s-best-friend-303181
Wireframe Shader Effect,Wireframe Shader Effect,,VFX,shader;vfx,1.6,,9093109,True,,,False,VFX/Shaders/Wireframe Shader Effect v1.6.unitypackage,
Witch Animation Set,Witch Animation Set,wemakethegame,3D/Animations,animation,1.11,,178792012,True,,,False,3D/Animations/Wemakethegame/Witch Animation Set v1.11.unitypackage,https://assetstore.unity.com/packages/3d/animations/witch-animation-set-136189
Witch Hag Animations,Witch Hag Animations,RamsterZ,3D/Animations,animation,1.0,,33149683,True,,,False,3D/Animations/RamsterZ/Witch Hag Animations v1.0.unitypackage,https://assetstore.unity.com/packages/3d/animations/witch-hag-animations-262198
Wizard spells pack,Wizard spells pack,Hovl Studio,VFX/Particles/Spells,vfx,1.3,2024-11-10,90319394,True,,,False,VFX/Particles/Wizard spells pack v1.3 (10 Nov 2024).unitypackage,https://assetstore.unity.com/packages/vfx/particles/spells/wizard-spells-pack-158864
Wooden UI,Wooden UI,REXARD,2D/GUI/Icons,ui,1.0,,11628427,True,,,False,2D/GUI/Wooden UI v1.0.unitypackage,https://assetstore.unity.com/packages/2d/gui/icons/wooden-ui-93545
Worker animations (Motion Cast#08 Vol.1),Worker animations (Motion Cast 08 Vol.1),Motion Cast,3D/Animations,animation,1.0,,57930981,True,,,False,3D/Animations/Worker animations (Motion Cast 08 Vol.1) v1.0.unitypackage,https://assetstore.unity.com/packages/3d/animations/worker-animations-motion-cast-08-vol-1-226178
World Map - Low Poly 3D Models Pack,World Map - Low Poly Asset Pack by ithappy,ithappy,3D/Props/Exterior,low-poly,1.1,,3537684,True,,,False,3D/World Map - Low Poly Asset Pack by ithappy v1.1.unitypackage,https://assetstore.unity.com/packages/3d/props/exterior/world-map-low-poly-3d-models-pack-209206
Wrestler Finishers Volume 1,Wrestler Finishers Volume 1,RamsterZ,3D/Animations,,1.0,,10885932,True,,,False,3D/Animations/RamsterZ/Wrestler Finishers Volume 1 v1.0.unitypackage,https://assetstore.unity.com/packages/3d/animations/wrestler-finishers-volume-1-227376
Wrestling Finisher Animset,Wrestling Finisher Animset,wemakethegame,3D/Animations,animation,1.1,,131770170,True,,,False,3D/Animations/Wemakethegame/Wrestling Finisher Animset v1.1.unitypackage,https://assetstore.unity.com/packages/3d/animations/wrestling-finisher-animset-203451
XeSS - Upscaling for Unity,XeSS - Upscaling for Unity,,Tools,editor-tool,1.2.5,2025-02-05,53164286,True,,,False,Tools/XeSS - Upscaling for Unity v1.2.5 (05 Feb 2025).unitypackage,
Zombie Animations Set,Zombie Animations Set,RamsterZ,3D/Animations,animation;character,1.0,,18432409,True,,,False,3D/Animations/RamsterZ/Zombie Animations Set v1.0.unitypackage,https://assetstore.unity.com/packages/3d/animations/zombie-animations-set-220537
ZOMBIE PRO: MoCap Animation Pack,ZOMBIE PRO MoCap Animation Pack,MoCap Online,3D/Animations,animation;character,2.7,,555348388,True,,,False,3D/Animations/Mocap Online/ZOMBIE PRO MoCap Animation Pack v2.7.unitypackage,https://assetstore.unity.com/packages/3d/animations/zombie-pro-mocap-animation-pack-47059
Zombie Voices Audio Pack,Zombie Voices Audio Pack,Yummy Games,Audio/Sound FX/Voices,character;sfx,1.0,,260518714,True,,,False,Audio/Zombie Voices Audio Pack v1.0.unitypackage,https://assetstore.unity.com/packages/audio/sound-fx/voices/zombie-voices-audio-pack-220792
